user,text_review,sentiment_review,sentiment_score,rate,time_visit,language,platform
marcus E,"What a wonderful and beutiful little gem in the heart of Saigon.; First of all, it is a bit hidden and hard to find from the street.; But once you found it by going up a staircase and walked 10 meters will you find …",POSITIVE,0.9991281628608704,5,2019-04-10 11:41,en,google_map
Srht01 Srht,"If you like bowls with vegetables or fruits, I recommend that for you.; The restaurant is above a motorbike shop, you have to go through there and go upstairs. The selection for the vegetables is good, but no that good for …",NEGATIVE,0.5933054685592651,4,2019-04-10 11:42,en,google_map
Dex Nguyen,"Really nice English speaking staff. She was helpful and helped us picking the ingredients for our first time trying Poke. The ingredients are fresh enough and the proportion is as you can see, huge. We asked for and they happily added more …",POSITIVE,0.9998623132705688,5,2019-04-10 11:42,en,google_map
Shyn Marie Ebol,Great food and nice chill place.; ; To get to the place you walk into a motorcylce parking space then a few flight …,POSITIVE,0.9997056126594543,5,2019-04-10 11:42,en,google_map
Hanna Mickiewicz,It's a cute place hidden in one of Saigon's apartment buildings. Everything is super clean and there are some comfortable seats. I haven't tried their poke but I had a pitaya bowl. It was tasty but I feel like some extra toppings would make it even better. The smoothie part was frozen - basically like a sorbet.,NEGATIVE,0.9466679096221924,4,2019-04-10 11:43,en,google_map
Shoe “Shoe” Thompson,150k for a bowl.; ; Easy to order with a lot of free reign for what your want. Cool quiet lounge-y …,POSITIVE,0.9958943128585817,5,2019-04-10 11:43,en,google_map
Agi Ro,"One of the hidden treasures of the city. Once you arrive to the address, you must walk into a tiny motorbike parking garage room towards a grand staircase at the back. Then just walk up a floor & you'll be outside again, you will see signs …",POSITIVE,0.9866824150085448,4,2019-04-10 11:43,en,google_map
Roxy,Always amazing poke here! You can make a vegan poke bowl by choosing tofu and sesame-soy dressings with the right toppings. So delicious! It’s 120k vnd for a vegetarian/vegan bowl (150k for a regular bowl).,POSITIVE,0.9995859265327454,5,2019-04-10 11:44,en,google_map
H,"Amazing place. You make your own poke bowl with a base of rice, salad or both, then add raw fish and lots of other ingredients and sauces. Everything is so fresh and delicious and very reasonably priced. Staff is also very friendly and helpful. If I lived in HCMC I would definitely be a regular here.",POSITIVE,0.9998575448989868,5,2019-04-10 11:45,en,google_map
Sascha D'Altobrando,"Very very nice place, it seams to be hosted in an apartment. The girls are very gentle and patient with us foreigners. The food is excellent and served best. Highly recommended. The place is a little bit hidden and not easy to find and the entrance might discourage, but do not hesitate and reach the first floor...you won't regret it 2 …",POSITIVE,0.9997454285621644,5,2019-04-10 11:45,en,google_map
Laura-Christine Schmidt,"Most amazing poke bowl ever! So delicious! And a great variety to chose from. The staff was really friendly, helpful and spoke English perfectly. The restaurant is really cute just a little bit hidden. I will definitely come back!",POSITIVE,0.9998637437820436,5,2019-04-10 11:46,en,google_map
Ed OD,Fantastic poke bowl with about 20 kinds of toppings and 7 sauce options. Every bowl custom made for you. 45k tete craft beer from  6-8pm too. Left stuffed for 150k dong.,NEGATIVE,0.973514974117279,5,2019-04-10 11:46,en,google_map
Jon Sole,Excellent quality food and good topping variety with a great atmosphere. Highly recommend. …,POSITIVE,0.9998846054077148,5,2019-04-10 11:47,en,google_map
Trần Phan Thanh,"Món ăn không quá lạ nhưng cách kết hợp thì độc đáo và rất hợp miệng, nhiều lựa chọn về chủng loại rau cá topping. Không gian đẹp và yên tĩnh khá hợp để đi cặp đôi hoặc nhóm bạn nhỏ. Gửi xe dưới lầu 10k/chiếc.",POSITIVE,0.9997528195381165,4,2019-04-10 11:47,vi,google_map
Tanya Rofman,Excellent place! Super delicious food! Don't skip this place while visiting Ho Chi Min,POSITIVE,0.9998741149902344,5,2019-04-10 11:48,en,google_map
Alex Boon,"Great little restaurant tucked away on 1st floor accessed via a flight of stairs inside a building. Delicious fresh Poke, friendly staff and a nice chilled atmosphere!",POSITIVE,0.9998440742492676,5,2019-04-10 11:48,en,google_map
Shimi Liderman,"Wow! Such a special spot. It just oozes style and good vibes. Tucked away in a unique location on the 1st floor of a residential building, this beautiful little Poke shop serves a variety of super fresh ingredients with which you can build …",POSITIVE,0.999859094619751,5,2019-04-10 11:48,en,google_map
Eline Goethals,Little hidden gem with absolutely mindblowing food and interior. Loved it. Paid 175.000 for a full bowl and drink.,POSITIVE,0.9998302459716796,5,2019-04-10 11:48,en,google_map
michael laine,"For sure the best poke in town. While the others are too dry, these ones are perfect. Good service. Nice atmosphere.",POSITIVE,0.9998654127120972,5,2019-04-10 11:50,en,google_map
Vinh Tho Vu,"Ngon, tốt cho sức khỏe, giá hơi cao, diện tích hơi nhỏ",POSITIVE,0.9992734789848328,5,2019-04-10 11:54,vi,google_map
Levi Doan,Amazing fresh bowl - had the one with salmon! Also cool to chill or work in a quiet environment. Keep it up!,POSITIVE,0.9997597336769104,5,2019-04-10 11:54,en,google_map
Dung Pham Anh,"Đồ ăn hơi mắc, 150k 1 phần basic",NEGATIVE,0.9829736948013306,4,2019-04-10 11:54,vi,google_map
Thanh Tung Truong,Food is good but i myself consider price is above average,POSITIVE,0.998412013053894,4,2019-04-10 11:55,en,google_map
Ruben Martinez,"Incredibly good and healthy food, fabulous hidden and quiet location and Tê Tê craft beer on draft. Don't miss it!",POSITIVE,0.9998468160629272,5,2019-04-10 11:55,en,google_map
CHUAN YE,hard to find but it worth to get it because it  is so delicious and health,POSITIVE,0.9996553659439088,5,2019-04-10 11:55,en,google_map
Ngan Le,Love this place! They has super healthy food and passionate staff.,POSITIVE,0.9998883008956908,5,2019-04-10 11:58,en,google_map
Carlos De Ory,6$ fantastic food. Delicious.,POSITIVE,0.999882698059082,5,2019-04-10 11:59,en,google_map
Madison Rose,"The poke bowls are amazing!! It's a little hidden gem, literally hidden on the first floor above a parking garage for motorbikes. Once find your way tjere you will not be disappointed. The ordering process couldn't be easier, it's laid out …",POSITIVE,0.999810516834259,5,2019-04-10 12:00,en,google_map
Tonny Tran,"A good bowl of Poke. Delicious, fresh, fully filled bowl. Would go again!",POSITIVE,0.999879002571106,5,2019-04-10 12:01,en,google_map
Chi Nguyen,Nice staffs and delicious poke bowl.,POSITIVE,0.9998725652694702,5,2019-04-10 12:01,en,google_map
David,Great Hawaiian style poke spot. Head through the alley and up to the first floor.,POSITIVE,0.9976438879966736,5,2019-04-10 12:01,en,google_map
Dong Nguyen,Very good japanese sushi salad with quite the Poke style as everywhere else. Price is a bit higher compared with local spendings but a good match for expats who would like to get something familiar to foods in Poke elsewhere.,POSITIVE,0.9979531764984132,4,2019-04-10 12:01,en,google_map
Thu Giang Duong,Cozy. Healthy. Affordable for a nice brunch or a meal,POSITIVE,0.9998561143875122,5,2019-04-10 12:02,en,google_map
Reuben Nakagawa,This place is great! It's a more modern style poke than the traditional Hawaiian style I grew up eating almosy every day. The selection of fish is always fresh with lots of delicious sauces and toppings to choose from. I had the tuna and …,POSITIVE,0.99985933303833,5,2019-04-10 12:02,en,google_map
Nhi Vo,"Really good food. You can choose what to put in your bowl, there are a lot of choices. The place is small and crowded during lunch so you should come early for seats.",POSITIVE,0.9965464472770692,5,2019-04-10 12:02,en,google_map
sophia pham,I love poke it fresh it delicious and it healthy; - the price is about 7usd can make you want to go once a week but the portion is quite big,POSITIVE,0.9996579885482788,5,2019-04-10 12:03,en,google_map
Andy P,"Amazing,fresh,friendky and super cool location. Hidden away and I hope to keep this place my personal secret  …",POSITIVE,0.999886393547058,5,2019-04-10 12:03,en,google_map
A F,"Great, friendly service. Fresh and delicious food. Definitely not my first Poke bowl and won't be my last.",POSITIVE,0.9793476462364196,5,2019-04-10 12:04,en,google_map
Trang Ngô,"Món ăn ngon, không gian đẹp!!!",POSITIVE,0.9998903274536132,5,2019-04-10 12:04,vi,google_map
Vy Khanh Tran,Great little gem in the heart of Saigon. They serve healthy salads called Poke and they also have smoothie bowls!!!,POSITIVE,0.9990233182907104,5,2019-04-10 12:05,en,google_map
Virginia Augugliaro,"150k for as much toppings as you want (and 2 scoops of raw salmon/tuna/tofu, which I found enough), loved it!",POSITIVE,0.9995027780532836,5,2019-04-10 12:05,en,google_map
Harcus Meising,Awesome place to get a salad. Staff is super helpful and the portions are big.; Can really recommend!!,POSITIVE,0.9998218417167664,5,2019-04-10 12:05,en,google_map
S C,So so so yummy and colorful loaded with delicious and healthy toppings! The salmon is tasty.,POSITIVE,0.9998624324798584,5,2019-04-10 12:06,en,google_map
Karla Mans,Amazing!,POSITIVE,0.9998738765716552,5,2019-04-10 12:06,tl,google_map
Suong Zouzou,Nice concept in a small cosy place. Make up your own healthy salad!,POSITIVE,0.9995866417884828,5,2019-04-10 12:08,en,google_map
M G,amazing poke bowl. unbelievable food and great service.,POSITIVE,0.9998719692230223,5,2019-04-10 12:09,en,google_map
Bach Le,Good place for healthy food but quite pricey,POSITIVE,0.9997766613960266,5,2019-04-10 12:09,en,google_map
Tom Phan,"Thức ăn dinh dưỡng, phù hợp với sức khỏe nhiều người ăn kiêng , ăn chay .",POSITIVE,0.99937903881073,5,2019-04-10 12:10,vi,google_map
Huyen Nguyen,"Quán dễ thương, đồ ăn ngon, giá ổn",POSITIVE,0.999884843826294,5,2019-04-10 12:10,vi,google_map
Le Quoc Phong Pierre,"I love this place, enjoyed foods bery much, i ate here many times",POSITIVE,0.9998716115951538,5,2019-04-10 12:10,en,google_map
Hao Vo,A nice place and very nice staffs,POSITIVE,0.9998797178268432,5,2019-04-10 12:11,en,google_map
lam dinh,Fresh but expensive,POSITIVE,0.9991416931152344,4,2019-04-10 12:11,en,google_map
Nhung Nguyễn,"Ăn ngon, rất thich ăn kiểu như vậy",POSITIVE,0.999874234199524,5,2019-04-10 12:11,vi,google_map
Chris Manley,"Great space, great healthy options. Poke Saigon has become one of my staples!",POSITIVE,0.9998421669006348,5,2019-04-10 12:11,en,google_map
Ziggy Cepukas,Very tasty food with great selection of toppings,POSITIVE,0.9998607635498048,5,2019-04-10 12:13,en,google_map
Itai Dagan,You must visit this place!!,POSITIVE,0.9990554451942444,5,2019-04-10 12:14,en,google_map
Duc Le,"Cosy atmosphere, nice food",POSITIVE,0.999816596508026,4,2019-04-10 12:14,en,google_map
Nguyen Thoa,Interesting rice bowls and the tasted good!,POSITIVE,0.999859094619751,4,2019-04-10 12:14,en,google_map
Wing Li,Delicious salad and rice,POSITIVE,0.999852180480957,5,2019-04-10 12:14,en,google_map
Brandon,Look for the sign out front. You won't be disappointed!,POSITIVE,0.9989103078842164,5,2019-04-10 12:14,en,google_map
Shu-Ting Wu,It is always a delight having the real food here!,POSITIVE,0.9998855590820312,5,2019-04-10 12:14,en,google_map
nhân phạm,The food is fresh and delicious also polite,POSITIVE,0.999881625175476,5,2019-04-10 12:14,en,google_map
Vilém Šamárek,"Fantastic place, must try when in Saigon.",POSITIVE,0.9997108578681946,5,2019-04-10 12:15,en,google_map
raven rhoude,Great place. Delicious foods,POSITIVE,0.9998841285705566,5,2019-04-10 12:15,en,google_map
Brad Baker,Poke in Saigon. Eat it.,POSITIVE,0.9737656116485596,5,2019-04-10 12:15,nl,google_map
Razin Rman,A complete healthy and tasty poke bowl....,POSITIVE,0.9998663663864136,5,2019-04-10 12:15,en,google_map
ramesh p,Really nice food. Give a try.,POSITIVE,0.9998453855514526,5,2019-04-10 12:15,en,google_map
fleur mahieu,Really friendly and delicious food!,POSITIVE,0.9998886585235596,5,2019-04-10 12:15,en,google_map
Dang Le,Best poke bowl,POSITIVE,0.9994706511497498,5,2019-04-10 12:17,sl,google_map
Chanho Song,Very nice,POSITIVE,0.9998563528060912,5,2019-04-10 12:17,cs,google_map
Tika Trần,Thức ăn ngon,POSITIVE,0.999862551689148,5,2019-04-10 12:17,vi,google_map
Nathan Cooper,Delicious,POSITIVE,0.999874234199524,5,2019-04-10 12:18,en,google_map
Marco Zanchi,DELICIOUS!!! nothing more to say.,POSITIVE,0.9997976422309875,5,2019-04-10 12:18,tl,google_map
K ITO.,"Choose your favorite ingredients from steps 1 to 5 to complete your own ball. 1 dish/150,000 dong. Drinks other than water are 50,000 dong. The music, the atmosphere of the shop, and the taste are delicious!",POSITIVE,0.9997286200523376,5,2019-04-10 12:19,en,google_map
Boun Lieng Sin,"1st visit to Vietnam and of course I go to see the best poke in Vietnam.. the decor is pleasant I love the terrace, as it is quite early I would come back for dinner for now I contented myself with their happy hour 1 buy 1 ..and I fell for …",POSITIVE,0.9997296929359436,5,2019-04-10 12:19,en,google_map
Gerjan de Jager,Very nice place to have lunch. Very friendly staff who take the time to explain how it works. Good choice for a tasty healthy meal. It's a bit hidden but it's worth looking for.,POSITIVE,0.9998310804367064,5,2019-04-10 12:20,en,google_map
Oana-Meda Pop,Amazing place where we had some of the best food we sampled in Saigon the ingredients were super fresh and prepared with care.the staff is super attentive to your needs speaks excellent English. they saw that I was sad because of a recent …,POSITIVE,0.9994369149208068,5,2020-03-11 11:40,en,google_map
Tamsyn S,Absolutely delicious! So healthy and fresh. They were careful with mine and my friend’s dietary requirements (Vegetarian & vegan) and you felt good after eating it. …,POSITIVE,0.999883770942688,5,2020-03-11 11:40,en,google_map
Sally Cool,"Great food, healthy style with reasonable price!; It’s located at the 1st floor of the building, so a little bit difficult to find. But trust me, when you see it, it’s like a bright garden lying inside an old …",POSITIVE,0.9991963505744934,5,2020-03-11 11:40,en,google_map
Erica Lin,"Husband and I are from California we live in Taiwan now. While on vacation in Saigon, we had the best poke bowl, ever. It doesn’t get better than this. The flavor is perfect, the price is beyond reasonable. I wish we had one of these in …",POSITIVE,0.9877862930297852,5,2020-03-11 11:40,en,google_map
Sue Nguyen,"Quán nhỏ xinh nằm ở tầng 2 chung cư ở Lý Tự Trọng, món ăn ngon, cá hồi tươi, nhiều loại sốt và topping để lựa chọn. Nên thử sốt mè dễ ăn hoặc mayo cay, topping có xoài, đậu nhật, trứng cút ngâm tương rất ngon. Không gian quán siêu xinh, tạo …",POSITIVE,0.99965238571167,5,2020-03-11 11:41,vi,google_map
Jian James,"The rice and salad is great and fresh! A big portion of bowl, definitely good for a guy, with stomach people, suggest to share with two. High recommend",POSITIVE,0.9998397827148438,5,2020-03-11 11:41,en,google_map
David Harper,"I struggle with how anyone could give this less than 5 stars. It is great food at a great price with friendly service. You pick whether you want salad, rice or brown rice or mix for a base. You pick 2 seafood, and any mix of other fresh …",POSITIVE,0.9990891218185424,5,2020-03-11 11:42,en,google_map
Michael San Felipe,"Subway and Chipotle visited Hawaii and decided to use the freshest ingredients to make Poke bowls. Start with rice or salad or both, then choose your protein, then sauces then toppings. The toppings option is a little overwhelming at first, …",NEGATIVE,0.9895824193954468,5,2020-03-11 11:42,en,google_map
Richard Yong,This place is in an old charming building in the heart of town. It's brightly lit and plays cool music. There are many many options on how you can configure yout salad. …,POSITIVE,0.9997367262840272,5,2020-03-11 11:42,en,google_map
Lan T.,"The cutest hidden gem in district 1 for gourmet poke bowls! While located on the first floor of a run down building, this spot is super chic. The staff speaks English and the food is delicious. For 150k VND, you pick your 2 scoops of …",POSITIVE,0.9996953010559082,5,2020-03-11 11:42,en,google_map
Teacher Graham,First Poke and it did not disappoint! Clean and fresh ingredients high quality and made quickly. Beautiful little hidden spot on the second floor with kind staff that had great customer service skills and touched base with us and other customers was nice to see. Worth the dollars for sure will be back again soon :),POSITIVE,0.9998266100883484,5,2020-03-11 11:42,en,google_map
Trang Ngo,Delicious! Cozy atmosphere. I like it a lot. But one portion is a bit too much for me. I wish they serve a smaller bowl.,NEGATIVE,0.9824244379997252,5,2020-03-11 11:43,en,google_map
Lilly Luu,"Poke rất tươi và ngon, Pitaya cũng vậy. Không gian của quán đẹp và rất mát mắt nhưng bất tiện là không có dịch vụ trả tiền qua thẻ.",POSITIVE,0.9991493225097656,4,2020-03-11 11:43,vi,google_map
James Concepcion,This is a hidden gem in the city. Located on the second floor of a residential building that you need to access via a garage with 40 motorbikes and a tiny stairway. This is probably the best Poke I have had. …,POSITIVE,0.9997249245643616,5,2020-03-11 11:44,en,google_map
Mark Dewey,"Subway style choose your own pokebowl. Choose rice, toppings, sauces etc. £5, 150000d. Delicious and filling. Ingredients taste very fresh and staff are incredibly kind and friendly. Worth the trip.",POSITIVE,0.9998338222503662,5,2020-03-11 11:45,en,google_map
Alexander Banks,"Amazing and delicious poke bowls! Hidden away up a sketchy stair case inside a scooter garage, you would never expect such a gem being hidden away. Lovely service with great English skills helped us get a nice bowl  …",POSITIVE,0.9997498393058776,5,2020-03-11 11:45,en,google_map
Uy Le,"Always fresh and has a variety of toppings to choose from. After trying poke at a few different places, I still think Poke Saigon is the best. This location is quite small and cozy, but very nice nonetheless.",POSITIVE,0.9998490810394288,5,2020-03-11 11:46,en,google_map
Mari Ahlquist,"Amazing Poke and really nice and friendly staff! Probably the best poke I've ever had. A modern, calm place to eat.; Not the easiest to find as it is on the first floor.",POSITIVE,0.9997544884681702,5,2020-03-11 11:46,en,google_map
Alvaro Zumaran,"Delicious and nutritious options. If you don't feel like constructing your own bowl, there are recommendations that you can choose from.  Pictured: California and Hawaiin. Prices are on the board (ranges from 150k and up)",POSITIVE,0.9995989203453064,5,2020-03-11 11:46,en,google_map
Milla Parviainen,"Beautiful and delicious bowls, 150k each. Wonderful and friendly staff who walked us through to make our bowls. The location is so cute too!",POSITIVE,0.9998854398727416,5,2020-03-11 11:46,en,google_map
Anh Luu,"The place overall is nice! However, the staff kinda has a discriminative attitude towards my friend, whom used Vietnamese to order food. Later, she told me that the staff has a certain attitude towards her probably she used Vietnamese to order instead of using English, which I amnot sure to be honest. The food is great, though!",POSITIVE,0.9953476786613464,4,2020-03-11 11:46,en,google_map
Melissa Rosero,Been living in HCMC for a year now and this place is legit yummy and safe.  I’ve gotten food poisoning a couple times from raw fish in this city so I’m definitely on the sensitive side and I’ve never had a problem here! 150k isn’t cheap but I don’t recommend eating any cheap raw fish while visiting,POSITIVE,0.9978849291801452,5,2020-03-11 11:47,en,google_map
Charlie Schwartz,"Hidden away upstairs and down the hall, this place is super cute. It’s chipotle style fast casual make your own poke. The staff are really friendly and the food is delicious.",POSITIVE,0.9998788833618164,5,2020-03-11 11:48,en,google_map
Anna Ziouzina,I love poké & this charming little shop (tucked safely away from the hustle & bustle) did not disappoint! Ingredients were all fresh & offered great combination. They have a nice range of poke/fish items & the largest selection of toppings …,POSITIVE,0.9998525381088256,5,2020-03-11 11:48,en,google_map
Daphne Tan,"Hidden gem! If you’re craving for a good pokebowl, this is a must-go. Very good quality and friendly good english speaking staff. A bit hard to find but it’s totally worth it. You can put unlimited toppings and they also have nice juices and pitaya/smoothie bowls  …",POSITIVE,0.9998736381530762,5,2020-03-11 11:48,en,google_map
richard amero,"Vegan and vegetarian options available; I only came here to keep my vegan gf happy but I absolutely loved it.; Construct your dish yourself (think Subway on crack, but no bread) …",POSITIVE,0.998993456363678,5,2020-03-11 11:49,en,google_map
Nabil Durand,Taste of Hawaii in Saigon. Very fresh and delicious. Vegetarian friendly. Highly recommended.,POSITIVE,0.9998699426651,5,2020-03-11 11:49,en,google_map
Jacob .Oestberg,"such good food and great service. just 150.000 VND for a bowl (drink not included). I definitely recommend this place! the picture is of ""the california""",POSITIVE,0.999836564064026,5,2020-03-11 11:49,en,google_map
sue kenny,"Lovely fresh food, lots of flavours. A beautiful meal and wonderful service. Very friendly staff who will guide you through building your perfect poke.",POSITIVE,0.9998875856399536,5,2020-03-11 11:50,en,google_map
Prune,The best place for poke and the cutest place of the city. If you go there you are sure eating high quality dishes and extremely fresh ingredients. Enjoy!,POSITIVE,0.9998852014541626,5,2020-03-11 11:51,en,google_map
Sarah Dörfel,"Very delicious in my kind of taste and the best thing ist, all bowls can be gluten- and lactosefree.",POSITIVE,0.9997172951698304,5,2020-03-11 11:52,en,google_map
Đạt Nguyễn,"The food are fresh, most of things are healthy, a great choice. The staffs are welcoming and helpful in explaining for new comer like me everything",POSITIVE,0.999881386756897,5,2020-03-11 11:52,en,google_map
Timothy Chua,Perfect poke with good service! Staff can speak good English too! 90% of their clients are foreign!,POSITIVE,0.9996706247329712,5,2020-03-11 11:52,en,google_map
Julia Nijland,Super clean place with great healthy food and lovely people! A nice place to escape from the busy streets.,POSITIVE,0.9998847246170044,5,2020-03-11 11:52,en,google_map
Andrey Kaminskiy,Excellent Poke place. Very quiet and nice. Fresh tasty and healthy meal. Rare combination of this three features in one thing.,POSITIVE,0.999886393547058,5,2020-03-11 11:53,en,google_map
Amit Harari,"The best poke I ate! Very nice stuff, polite and helping! Really recommend",POSITIVE,0.9998247027397156,5,2020-03-11 11:53,en,google_map
Javier Eduardo Sánchez,Very tasty  Staff is great and speak English very well. Definitely going back next time I go to Saigon. …,POSITIVE,0.999870538711548,5,2020-03-11 11:53,en,google_map
Byulman Park,"Perfect : delicious, balanced, healthy, good quality, clean and quiet environment, wonderful staff, etc.",POSITIVE,0.9998843669891356,5,2020-03-11 11:53,en,google_map
namidafog,"Delicious light meal, you can choose what you want here. By the way, you need to find the store first before you eat XD",POSITIVE,0.9997425675392152,4,2020-03-11 11:54,en,google_map
Chuong Nguyen Minh,"Các thành phần tươi ngon, hấp dẫn và vừa vị.",POSITIVE,0.9998812675476074,4,2020-03-11 11:54,vi,google_map
Lorky Lor,"It's on the 2nd floor. Go through the bikes parked at the front and take a flight of stairs at the end.; The sides are unlimited, you can ask for as much as the bowl can hold!",NEGATIVE,0.848000705242157,5,2020-03-11 11:55,en,google_map
Luka Ruklic,"The place is a bit hard to find, but the premises are quiet and lovely decorated. The staff is English-speaking, very friendly and will help you create your own bowl with rice or salad base, various sea food and toppings. The price is a bit …",POSITIVE,0.9998069405555724,5,2020-03-11 11:55,en,google_map
Saigon Wanderlust,"We were impressive with this concept in another building and wanted to discover the second one. The food was still delicious as if we could eat everyday. The staffs speak English perfectly and are really polite. 150k for one bowl with everything you can choose, fresh and healthy!",POSITIVE,0.9998663663864136,5,2020-03-11 11:55,en,google_map
Co Ho,Delicious pokebowls at a reasonable price. Lot of options for your bowl as well.,POSITIVE,0.9997641444206238,5,2020-03-11 11:55,en,google_map
Beth Sands,Delicious poké bowls and super friendly service  …,POSITIVE,0.9998137354850768,5,2020-03-11 11:55,en,google_map
Justin Hill,"I had never had poke bowls before coming here... It was so good. So fresh, ample size. I asked for heaps of toppings and they just loaded if up. Shrimp was a highlight of my bowl. If I was her in Saigon longer I'd be back to eat again :D",POSITIVE,0.9986779093742372,5,2020-03-11 11:56,en,google_map
Nat Lee,"Had lunch here and it was very good. A lot of different ingredients to chose from, rice, salad or mix of both as base, salmon and tuna, natural or spicy, shrimps, octopus, etc. and a variety of different dressings. …",POSITIVE,0.9998419284820556,4,2020-03-11 11:56,en,google_map
Than Nguyen,The place is a bit hard to find (go up through the parking garage) but the food is very good! You are free to customize your pokebowl any way you want and there are many options available. If you're unsure about what to get the staff is very helpful and willing to make some recommendations. Enjoyable place all in all.,POSITIVE,0.9998257756233216,5,2020-03-11 11:57,en,google_map
Lukas,"Unbelievable good bowl, was better than in Hawaii! And a lot cheaper ;)",POSITIVE,0.9982873797416688,5,2020-03-11 11:57,en,google_map
Adi Nissim,Great place. Great and fresh food. The staff are super nice and speak great English.,POSITIVE,0.999886155128479,5,2020-03-11 11:59,en,google_map
Claire Menzel Hill,"Simply delicious meal! The staff were very friendly and spoke English very well. They were happy to explain and give recommendations based on my preferences. It's more than enough food, and only AUD$9. The food is fresh, colourful and tastes amazing. Air con, WiFi, cute couches and benches,  what more could you want?",POSITIVE,0.9998403787612916,5,2020-03-11 11:59,en,google_map
Yann Chrétien,"Amazing staff, relaxing place. The concept, the quality of meals, or drinks that are suggested just WoW, really simple but so good, love it this is for the reason i went back after a friend show me the place for a lunch. Really amazing idea, quality, staff all match together for a reasonnable price. Keep going, will be back, YummY",POSITIVE,0.9998351335525512,5,2020-03-11 11:59,en,google_map
Lara Hanna,Our first time trying poke and it was delicious! The ingredients are so fresh and the staff is super friendly. Great English too! The smoothie bowl is also yummy!,POSITIVE,0.9998464584350586,5,2020-03-11 11:59,en,google_map
Nick Melhuish,"Truly a wonderful place with AMAZING attentive staff, delicious food and a cool environment! I will certainly be back. We’re vegans and the vegan options was perfect! Shout out to Mai Linh for making the whole experience even better :)",POSITIVE,0.9998764991760254,5,2020-03-11 12:00,en,google_map
Paul Douglas,"Great food and many selections to choose from. The salmon was very fresh, and the wasabi Mayo had a good kick to it. Although a little hard to find, it's definitely worth the visit. Super friendly staff.",POSITIVE,0.9998273849487304,5,2020-03-11 12:00,en,google_map
Mandys_Adventures Caldwell,"Omg!! So delicious! And the serving size is soooo generous. Very fresh, def be back daily until I leave! The girls are all so friendly and gave me tips on places to go. 10/10 for sure!",POSITIVE,0.99986469745636,5,2020-03-11 12:00,en,google_map
Marie Zoé,"Beautiful little place, fresh ingredients and amazing customer service: thank you !",POSITIVE,0.9998886585235596,5,2020-03-11 12:00,en,google_map
Shan L,We have spent a very good moment at this place. The bowls are very fresh and delicious. Special thanks to Thanh the lady who served us tonight. She explained to us the menu carefully and was very nice,POSITIVE,0.9998733997344972,5,2020-03-11 12:00,en,google_map
Natha Lie,Super delicious fresh food and amazing staff!!,POSITIVE,0.9998921155929564,5,2020-03-11 12:00,en,google_map
chris brunero,"Such an amazing little find just out of the main tourist attractions, a nice outdoor area to sit and get away from the horns of HCM streets. The food was delicious and good sized portions and the staff were incredible at walking me through …",POSITIVE,0.9998714923858644,5,2020-03-11 12:01,en,google_map
John Kelaiditis,"Went there after reading tripadvisor ratings but when we saw the place ran away imediately. Through a motorbike parking, up the stairs to the first floor down a corridor with several doors there was a room with some tables. 2 persons were …",NEGATIVE,0.9982176423072816,1,2020-03-11 12:01,en,google_map
Samuel Perl,Fresh and delightful bowls and a super friendly staff,POSITIVE,0.9998804330825806,5,2020-03-11 12:01,en,google_map
Lyon Sim,"I love this place. Chic and chill. Healthy delicious food. They're located upstairs, level 2 even though the sign on ground floor says located at level 1. Under 200,000vnd per bowl",POSITIVE,0.999776303768158,5,2020-03-11 12:02,en,google_map
Denise Jonker,Absolutely delicious! Very decently priced as well! Best food I had in a long long time. Will probably go back again tonight.,POSITIVE,0.9998708963394164,5,2020-03-11 12:02,en,google_map
Mallory Starkman,"Delicious and great value! Best poke bowl I have possibly ever had. Clean and airy too, highly recommend!",POSITIVE,0.9998841285705566,5,2020-03-11 12:02,en,google_map
Eric Woodard,"I wanted to add my 5 stars, and everything I wanted to say is more eloquently written in the other reviews: delicious food, super-friendly staff, beautiful space, a bit difficult to find.  So worth it. Such a great experience.",POSITIVE,0.999870777130127,5,2020-03-11 12:02,en,google_map
Quốc Dũng Lư,- Cửa hàng nằm trên tầng 1. gửi xe ở dưới đất bất tiện.; - 7h30 tối mà 1 số món đã hết. Oder xong 10p sau lại báo hết tiếp mà ko có lời xin lỗi. …,NEGATIVE,0.9954597353935242,1,2020-03-11 12:02,vi,google_map
Giuseppe Guglielmotti,"The food is absolutely amazing, the place so cozy and friendly (even if it is a little tricky to find as it is at the 2 floor of a building that seems a parking) and the staff probably is the best thing, welcoming and helpful! Must try!",POSITIVE,0.9998328685760498,5,2020-03-11 12:02,en,google_map
Callan,"Great place, super friendly staff. The gentleman who served us told us this is the better location out of the two as you can sit down here to eat, the other one is very busy.; Had free WiFi too.",NEGATIVE,0.7237801551818848,5,2020-03-11 12:02,en,google_map
John Soh,"So tasty...so many toppings and flavors makes it so cerebrally satisfying. The 2 girls there Hue and especially Vy are so enthusiastic and positive. They speak English very nicely, which seems to be rare in HCM. Interior is chic and very …",POSITIVE,0.9998878240585328,5,2020-03-11 12:02,en,google_map
Maria,Hidden on the first floor after you pass the scooter garage. Amazing Poke bowls reasonably priced. Everything fresh and delicious. The staff speaks english!,POSITIVE,0.9998486042022704,5,2020-03-11 12:02,en,google_map
yrtwo,As a tourist i was quite comprehensive about eating here as it is not quite authentics. But this is hands down the best food i ate here in vietnam. I bet this is one of the best poke in the world,POSITIVE,0.9996163845062256,5,2020-03-11 12:03,en,google_map
Jack Ross,"Excellent service with high quality grade tuna, shrimp, and octopus. It's quickly becoming our favorite spot to eat in Saigon.",POSITIVE,0.9995669722557068,5,2020-03-11 12:03,en,google_map
Max In Saigon,"Focuses a lot in foreigners, so if you're a Viet, you'll get treated a little... ""less"". But hey, otherwise it's great for travelers, expats, foreigners: food is never bad, good services.",POSITIVE,0.9993465542793274,4,2020-03-11 12:03,en,google_map
Mallory Rose,Food was really good and price was good. Staff was super helpful and nice. I’m vegan and gluten free and they knew exactly what I could and couldn’t have.,POSITIVE,0.9997785687446594,5,2020-03-11 12:03,en,google_map
Veronika Vrábelová,This was the best poke I have ever tried. Delicious! Thank you. And also very polite and friendly staff here. Definitely recommend this place.,POSITIVE,0.9998761415481568,5,2020-03-11 12:03,en,google_map
Jan Peters,bit pricey but staff is very helpful and for the fixed bowl price you are free to choose from all ingredients they offer which is super cool,POSITIVE,0.9994738698005676,5,2020-03-11 12:03,en,google_map
Landon M.,"I’ve tried many poke restaurants and this is the best I’ve ever had. It looks just like the pictures, they give very generous portions and the atmosphere is pleasant.",POSITIVE,0.9998835325241088,5,2020-03-11 12:03,en,google_map
Khanh Bui,"Excellent customer service. They automatically gave me a free drink as an apology for making me wait without even prompted. Oh, and the food's great too.",POSITIVE,0.9996355772018432,5,2020-03-11 12:03,en,google_map
Ankita Ghosh,"Fresh poke ingredients, great variety, lovely staff, cute little seating space, oh and they deliver to. My go-to for comfort lunches, any day.",POSITIVE,0.999851942062378,4,2020-03-11 12:03,en,google_map
Mel,Super tasty!! I got a vegan bowl and the staff was pretty aware of what was vegan or not. They were super helpful and friendly.,POSITIVE,0.9994813799858092,5,2020-03-11 12:03,en,google_map
Rakik,"An amazing gem in Saigon, not easy to spot but that adds to its charm. Fresh bowls of awesome flavours, the perfect stop for lunch.",POSITIVE,0.999859094619751,5,2020-03-11 12:03,en,google_map
Alex Cabrera,Best poke bowl I've ever had!,POSITIVE,0.9995269775390624,5,2020-03-11 12:04,no,google_map
Hồ Ngọc khánh,Hôm nay là tui thấy làm nhanh á,POSITIVE,0.999244213104248,5,2020-03-11 12:04,vi,google_map
Carlota,"Delicious and fresh poke bowls! The place is beautiful and cozy, and the staff is helpful and super nice! Definetely recommended!",POSITIVE,0.9998832941055298,5,2020-03-11 12:04,en,google_map
Jacques LE GOUIS,"Excellent experience at this place, the personal was friendly and at ease with speaking english, the place was comfortable, and the food really good and fresh! I highly recommand it!",POSITIVE,0.9998835325241088,5,2020-03-11 12:05,en,google_map
Jonas Eicher,"Friendly, English speaking staff, excellent poke bowls! (150k for regular bowl at Jan 2019)",POSITIVE,0.9995806813240052,5,2020-03-11 12:05,en,google_map
Bich Hoang,super fresh and friendly staffs. good thing if you’re a sashimi lover! they dont accept cards though,POSITIVE,0.9976019263267516,5,2020-03-11 12:05,en,google_map
WS Lee,"Everything is perfect except the price is on the high side.; 150,000 for 1 bowl. Very healthy meal though",POSITIVE,0.9997679591178894,5,2020-03-11 12:05,en,google_map
Tess Delighted,"Best poke bowl I have ever had, kindest staff, beautiful interior! Cannot get any better! Thank you so much",POSITIVE,0.9997279047966005,5,2020-03-11 12:05,en,google_map
M,Best poke restaurant in Saigon!,POSITIVE,0.9992479681968688,5,2020-03-11 12:05,fr,google_map
Aurore Dupin,We were looking for some fresh food and it was definitely a success! Really lovely staff.,POSITIVE,0.9998687505722046,5,2020-03-11 12:06,en,google_map
JUNGGYU NAM,Delicious and clean condition,POSITIVE,0.9998784065246582,5,2020-03-11 12:06,en,google_map
Carolin S.,Amazing place to have something unique to eat. I really loved the poke bowl ,POSITIVE,0.999871015548706,5,2020-03-11 12:06,en,google_map
LINH NGUYỄN NGỌC YẾN,150k for a regular set.,NEGATIVE,0.9552412629127502,4,2020-03-11 12:06,no,google_map
Rosy Nguyen,Thái độ nhân viên phục vụ không niềm nở; Ăn tại hàng ngày 8.9 lúc 2h chiều,NEGATIVE,0.9978873133659364,1,2020-03-11 12:06,vi,google_map
Brett Marshall,Great fresh food at a reasonable price. Ate here twice in 2 days... Love it.,POSITIVE,0.9998631477355956,5,2020-03-11 12:06,en,google_map
Rebecca Granot,Chique tasty and very welcoming,POSITIVE,0.9998764991760254,5,2020-03-11 12:06,en,google_map
Sheila Janes,"Great idea. Healthy food, big portion. Not so expensive for lunch.",POSITIVE,0.9995842576026917,5,2020-03-11 12:06,en,google_map
Phương Quỳnh Tăng,"A bit small though but nice decor, good food, price a bit high.",POSITIVE,0.9997977614402772,4,2020-03-11 12:07,en,google_map
Yiming Liu,"Delicious, healthy at a great price",POSITIVE,0.9998871088027954,5,2020-03-11 12:07,en,google_map
Carlos Cajina,"Delicious food, limited seating. Quick service. Prices OK",POSITIVE,0.9998117089271544,4,2020-03-11 12:07,en,google_map
R,Best poke bowl I ever had must go if you are in ho Chi Minh City,POSITIVE,0.99868243932724,5,2020-03-11 12:07,en,google_map
Joachim Trung Tuan,"A good choice for anyone who is looking for a healthy dish. Fresh vegetables and fish, really delicious and refreshing.",POSITIVE,0.9998828172683716,5,2020-03-11 12:07,en,google_map
Nina S,Affordable especially because the poke you can you can customize it and put a lot of things in and it's very good for the price,POSITIVE,0.9995980858802797,5,2020-03-11 12:07,en,google_map
Bo Minh,Nice food,POSITIVE,0.9998700618743896,5,2020-03-11 12:08,en,google_map
Bar Dox,a delicious surprise. Three good girls who know how to make customers feel comfortable.,POSITIVE,0.999887228012085,4,2020-03-11 12:08,en,google_map
Shalini Gupta,"Healthy, fresh, tasty and easy-on-pocket food. Highly recommended.",POSITIVE,0.9998793601989746,5,2020-03-11 12:08,en,google_map
Lene Nilsen,The best place for a healthy and fresh meal Recommend 100% Norwegian salmon …,POSITIVE,0.999086856842041,5,2020-03-11 12:08,en,google_map
Duy Bảo Đỗ,đồ ăn ngon,POSITIVE,0.9998754262924194,5,2020-03-11 12:08,vi,google_map
vo duong,View vừa đồ ăn vừa ngon mong 1 ngày gần lại đk đến đây ăn,POSITIVE,0.9997652173042296,5,2020-03-11 12:08,vi,google_map
Trần Nguyễn Minh Đức,Healthy for any kind of diet. Also Eco friendly restaurant by reducing plastic products.,POSITIVE,0.9981822967529296,5,2020-03-11 12:09,en,google_map
S P,"Lovely food, super fresh, coupled with lovely helpful staff.",POSITIVE,0.999886393547058,5,2020-03-11 12:09,en,google_map
Preeti P.,Yummy!,POSITIVE,0.9992610812187196,5,2020-03-11 12:09,tr,google_map
Pete,Great food and store.,POSITIVE,0.9998786449432372,5,2020-03-11 12:10,en,google_map
Thanh Huynh,Món cơm trôn với cá sống nhìn rất đẹp mắt,POSITIVE,0.9996602535247804,4,2020-03-11 12:11,vi,google_map
My Anh Hoang,Love their bowls!,POSITIVE,0.9998658895492554,5,2020-03-11 12:11,en,google_map
frank simkens,Great fresh food and very helpful staff.,POSITIVE,0.9998828172683716,5,2020-03-11 12:11,en,google_map
Qianru Zhang,awesome salad here!,POSITIVE,0.999808132648468,5,2020-03-11 12:12,af,google_map
Kalle Trenter,Really good food and wonderful service!,POSITIVE,0.9998859167099,5,2020-03-11 12:12,en,google_map
TEEMO bình,Mí bạn nhân viên nói tiếng Anh như gió,NEGATIVE,0.8957532048225403,5,2020-03-11 12:13,vi,google_map
Trang Đoàn,Kiểu ăn lạ. Hay hay. Thức ăn khá ngon.,POSITIVE,0.9998781681060792,4,2020-03-11 12:13,vi,google_map
Hong Ky Vo,Đồ ăn ngon . Lịch sự,POSITIVE,0.9998695850372314,5,2020-03-11 12:13,vi,google_map
ngocngan phanthi,Tuyệt vời!,POSITIVE,0.9998692274093628,5,2020-03-11 12:13,vi,google_map
Rahul Ravindranath,Small cozy place with great poke and service,POSITIVE,0.9998013377189636,4,2020-03-11 12:13,en,google_map
Irina Bulmaga,A nice place with really fresh stuff!,POSITIVE,0.9998878240585328,5,2020-03-11 12:14,en,google_map
Sandra Valero,Fresh ingredients! And great service,POSITIVE,0.999881148338318,5,2020-03-11 12:14,en,google_map
ALPHA Kilo,Nice poke bowls and cute little place! :),POSITIVE,0.9994822144508362,5,2020-03-11 12:14,en,google_map
Yoo 81,Healthy food and delicious too.  …,POSITIVE,0.999886155128479,5,2020-03-11 12:14,en,google_map
Hee Joe Yang,Friendly staff and the best poke ever!,POSITIVE,0.9998652935028076,5,2020-03-11 12:14,en,google_map
Amari,"Awesome food, good staff.",POSITIVE,0.999876856803894,5,2020-03-11 12:14,en,google_map
Fubin Lu,Excellent Poke bowl! Hidden gem,POSITIVE,0.9998549222946168,5,2020-03-11 12:15,nl,google_map
minh ho hoang,Nhan vien lam viec le me,POSITIVE,0.7914136648178101,1,2020-03-11 12:15,fr,google_map
Maciej Orlowski,Best Poke ever! Fresh and Tasty,POSITIVE,0.9998751878738404,5,2020-03-11 12:15,en,google_map
Tam Ha,Ấm cúng,POSITIVE,0.9996737241744996,4,2020-03-11 12:15,vi,google_map
Fabian Lindner,All you need for a good Poke bowl.,NEGATIVE,0.7980731725692749,5,2020-03-11 12:15,en,google_map
Hailey Nguyen,Best Poke in town,POSITIVE,0.999567449092865,5,2020-03-11 12:15,en,google_map
hoa tran,đẹp và rất ngon,POSITIVE,0.9998857975006104,5,2020-03-11 12:15,vi,google_map
Huong Le,the best poke with the best service in town,POSITIVE,0.9997242093086244,5,2020-03-11 12:15,en,google_map
Jasper Su 蘇世昕,Amazing place and amazing food!!!,POSITIVE,0.9998908042907716,5,2020-03-11 12:16,en,google_map
Maurizio S,"I really enjoyed, fresh and healthy",POSITIVE,0.9998810291290284,5,2020-03-11 12:16,en,google_map
Samuel Rees-Thomas,"Um ohk, woah. GO HERE. So tasty.",POSITIVE,0.9990888833999634,5,2020-03-11 12:16,en,google_map
Chew Pei Yun,Delicious food,POSITIVE,0.9998754262924194,4,2020-03-11 12:16,en,google_map
Anh Tung Vu,Best poke in Vietnam so far,NEGATIVE,0.9457870125770568,5,2020-03-11 12:16,sl,google_map
Linna Ji,delicious and healthy,POSITIVE,0.9998760223388672,5,2020-03-11 12:16,en,google_map
Thang Huynh,"Healthy meal, nice setting",POSITIVE,0.9998660087585448,5,2020-03-11 12:16,en,google_map
Thanh Nguyễn,Hơi khuất và chung cư cũ,NEGATIVE,0.992737352848053,4,2020-03-11 12:16,vi,google_map
kd4aqq HAN,"Perfect, tasty Hawaiian Poke Bowl",POSITIVE,0.9998654127120972,4,2020-03-11 12:16,en,google_map
tuấn nguyễn hòang anh,Chất riêng của sg,POSITIVE,0.9823593497276306,5,2020-03-11 12:17,vi,google_map
BDS MARKETING ONLINE,Dcihj vụ ok,POSITIVE,0.9992392063140868,5,2020-03-11 12:17,vi,google_map
Tuan Nguyen Duc,Đồ ăn healthy nha,POSITIVE,0.999847412109375,4,2020-03-11 12:17,vi,google_map
Lili Lolo,Good place for some pokes,POSITIVE,0.9997971653938292,5,2020-03-11 12:17,en,google_map
Tim Jefferies,"Expensive, but tasty.",POSITIVE,0.9997523427009584,4,2020-03-11 12:17,en,google_map
Thái Minh,Cần cố gắng hơn nữa,NEGATIVE,0.9966411590576172,5,2020-03-11 12:17,vi,google_map
Talisa Nguyễn,"Clean, fresh and healthy",POSITIVE,0.9998569488525392,5,2020-03-11 12:17,en,google_map
Truong Nguyen, …,,,4,2020-03-11 12:17,,google_map
Thuy Chi Duong,"Great Poke, cute deco.",POSITIVE,0.9996732473373412,5,2020-03-11 12:17,ro,google_map
Kevin Russon,Delicious and tasty,POSITIVE,0.9998828172683716,5,2020-03-11 12:18,en,google_map
Nguyên Thành,Đẹp,POSITIVE,0.9998189806938172,5,2020-03-11 12:18,vi,google_map
Thuy Linh,Good,POSITIVE,0.999816119670868,5,2020-03-11 12:18,so,google_map
zz lily,Good,POSITIVE,0.999816119670868,5,2020-03-11 12:18,so,google_map
Oscar Pouw,Amazing,POSITIVE,0.999875545501709,5,2020-03-11 12:18,sw,google_map
Miky Mars,very tasty!,POSITIVE,0.9998886585235596,5,2020-03-11 12:18,en,google_map
Henk Tjalsma,Fantastic pokebowl!!,POSITIVE,0.9998689889907836,5,2020-03-11 12:18,sk,google_map
hung thau,Kém,NEGATIVE,0.845231294631958,1,2020-03-11 12:18,hu,google_map
Raymond Lee,Awesome!!!,POSITIVE,0.999871015548706,5,2020-03-11 12:18,af,google_map
lm leng,Healthy and delicious.,POSITIVE,0.9998767375946044,5,2020-03-11 12:18,en,google_map
Ruth Chai,Perfect,POSITIVE,0.9998517036437988,5,2020-03-11 12:18,en,google_map
Nicolas Mizrahi,Over rated!,NEGATIVE,0.9959681034088136,2,2020-03-11 12:18,en,google_map
SiliconVali,Hammer Bowls!,POSITIVE,0.98548686504364,5,2020-03-11 12:18,de,google_map
Audun Fylling,Ok. Nothing more.,POSITIVE,0.7652215361595154,3,2020-03-11 12:18,en,google_map
Sakai Haruki,"The entrance is quite difficult to find, but there is a stylish store at the top of the stairs. …",NEGATIVE,0.6963907480239868,4,2020-03-11 12:19,en,google_map
Guillaume Kleinkenberg,"Incredible discovery. Seeing that I didn't know the concept, the three smiling young girls helped me with great pleasure, even coming to pick me up outside when a place in the cooler became available. Food level: explosive mix of flavors, from fresh produce. I recommend :) !",POSITIVE,0.9998780488967896,5,2020-03-11 12:20,en,google_map
Florian vF,Incredibly fine and freshly prepared poke bowls (with very friendly support in selecting the ingredients)!; The selection of ingredients is huge and everything is of very high quality. The …,POSITIVE,0.9998685121536256,5,2020-03-11 12:20,en,google_map
Amanda Isberg,We had lunch here at about one on a Saturday. We managed to snag the last table! …,NEGATIVE,0.936421513557434,5,2021-02-10 11:41,en,google_map
Simon T Katan,Delicious tasty food.; The staff is very friendly and speaking English perfect.; The only thing that not nice is the entrance and the stairs. But after this a …,POSITIVE,0.994754672050476,4,2021-02-10 11:41,en,google_map
Ari Pham,"Spacious, beautifully decorated store. Coconut 40k VND. Their main business is poke. Cafe and drinks are complementary business. Eco friendly utilities: coconut bowls, grass straws. …",POSITIVE,0.9991980195045472,3,2021-02-10 11:41,en,google_map
n.,"It's very good! Best poke bowl I've tried. The price is decent (mine total is around VND 200k) and they are generous with the portion. All ingredients are fresh from the carbs, protein salmon down to the veggies. You can feel it that they prepare it with heart! Definitely will come back again!",POSITIVE,0.9998507499694824,5,2021-02-10 11:42,en,google_map
Marie Raymond,"So good, do not hesitate to go.  Best poke bowl in town.  Walk in the garage, go up on flight of stairs, it is at the end of the hall.  The girls are nice the food is great.  Enjoy!",POSITIVE,0.999860405921936,5,2021-02-10 11:42,en,google_map
Maria K,"Great poke, wonderful staff! We had the California poke adjusting a bit to our preferences and it was really yummy. The girls working there are really friendly, nice and speak great English. Highly recommend it!",POSITIVE,0.9998754262924194,5,2021-02-10 11:43,en,google_map
Tin Tran Huu Trung,"Quán ăn Healthy các bạn nhé. Phối hợp dinh dưỡng hợp lý. Có đầu tư. Khung cảnh yên tĩnh trên lầu 1 của một chung cư cũ, trang trí xinh xắn. Chỉ có buồn là bạn phục vụ cao giọng quá, chắc hôm nay cảm xúc biến động. Mong quán duy trì tinh thần cho khách hàng mới ghé ăn cơm. Cảm ơn.",POSITIVE,0.9985639452934264,5,2021-02-10 11:43,vi,google_map
Harrison Sheremeta,"Very tasty and quality poke bowls in the heart of Saigon! We were very impressed with the quality of ingredients, especially since the price was much lower than comparable poke at home. The staff were very friendly and helpful as well! The location is a couple of floors up in the building and there is no elevator, so keep that in mind.",POSITIVE,0.9996121525764464,5,2021-02-10 11:43,en,google_map
Mari Kova,"It’s just the best!  Anyone can eat here. Anyone can afford it. And Im sure everyone will enjoy it! I absolutely love it!  always fresh ingredients, very friendly stuff, cozy atmosphere. I can have Poke bowl every day because of how good …",POSITIVE,0.9998905658721924,5,2021-02-10 11:44,en,google_map
Hoàng Sơn Nguyễn Tiến,"Quán ăn healthy với base là gạo lứt hoặc salad. Một phần trung bình 160k với topping thoải mái gồm nhiều loại rau củ, trái cây như xoài, bưởi hay thanh cua, gừng ngâm, đậu cùng lựa chọn cá và bạch tuột. Có khẩu phần chay. Mình ăn ở đây khá nhiều lần và rất hài lòng. Giá cả hơi cao nhưng xứng đáng cho chất lượng.",POSITIVE,0.9986087679862976,5,2021-02-10 11:44,vi,google_map
Khánh Ngọc,"Đồ ăn khá nhiều và ngon. Hôm nay mình đi thì quán vắng tanh chỉ mỗi duy nhất bàn mình. Điểm trừ là bạn nhân viên tên Vi hơi gắt, giao tiếp với khách và các anh shipper đến mua hàng rất thô lỗ.",POSITIVE,0.9816633462905884,3,2021-02-10 11:45,vi,google_map
Sakuta Tran,"Đồ ăn ngon, healthy foood, theo kiểu Hawaiii, những bạn nào muốn ăn theo kiểu eat clean thì nên vào đây ăn thử.; Mình từng đi nhiều quán tương tự nhưng nhìn chung ở SG đây là quán ngon nhất. …",POSITIVE,0.9997653365135192,5,2021-02-10 11:45,vi,google_map
Nga Nguyen,"Quán xinh xắn, có không gian ngoài trời, trang trí dễ thương, nhiều góc để các bạn sống ảo lắm nè! Nhân viên vô cùng nhiệt tình, nếu cần thêm rau hay sauce quán vẫn sẵn sàng cho thêm :3 …",POSITIVE,0.9998568296432496,5,2021-02-10 11:46,vi,google_map
Grace Gin,"Best poke bowl in HCMC! everything is nice and clean, plus price is reasonable. Def recommended!",POSITIVE,0.9994592070579528,5,2021-02-10 11:46,en,google_map
Annalena Schmitt,"I still can’t get over how delicious that was. Everything is super fresh, the staff is insanely kind and speaks perfectly English. You can even get a refill of rice or salad for free. Best restaurant in Ho Chi Minh. 100% recommend!!",POSITIVE,0.9998406171798706,5,2021-02-10 11:46,en,google_map
V D,Cute location and sells poke. Fish quality has been good so far so definitely worth a visit for a quick lunch.,POSITIVE,0.9997047781944276,5,2021-02-10 11:46,en,google_map
Trinh Thai,The place is nice and Poke is good as always. But the only problem is accepting cash only . Remember to bring cash with you since they wont change to other payment method any soon.; Still I enjoy the vibe and the food  …,POSITIVE,0.998481810092926,4,2021-02-10 11:46,en,google_map
Matias Szostak,"The place is amazing, great food, very clean and comfy. For around 160.000 you can eat a poke with almost everything they have, and you can refill it with some ingridients later!",POSITIVE,0.999848484992981,5,2021-02-10 11:46,en,google_map
meg bishop,Ate here for lunch and had the most amazing poke bowl I’ve had in Ho Chi Minh yet! The girls who work here are really nice and can’t do enough to help you! A regular poke bowl is 160k and 100% worth it! Really lovely interior too. Can’t wait to come back!,POSITIVE,0.9997937083244324,5,2021-02-10 11:46,en,google_map
Kiwi Kiwi,Really lovely Poke - salad with salmon!; Pick the mix of ingredients and the poke is created before your  eyes.; If you want a healthy green and salmon lunch - this is a top pick In Saigon! …,POSITIVE,0.9995812773704528,5,2021-02-10 11:47,en,google_map
Minh Anh Hồ Huỳnh,Best place to have yourself a perfect Poke Bowl  fresh ingredients in a cozy atmosphere. Keep it up Poke Saigon!! …,POSITIVE,0.9977452158927916,5,2021-02-10 11:47,en,google_map
Khoa Nguyễn Đình," dành cho những ngày cần một chút tươi mát, giá tuy cao nhưng đảm bảo no bụng, ăn xong cảm thấy người rất nhẹ nhàng. Topping xuất sắc nhất là trứng cút lòng đào. …",POSITIVE,0.9971534013748168,5,2021-02-10 11:49,vi,google_map
Elyse,*Fresh and Yummy meal than expectation; *Friendly staffs to introduce the daily option; *Small but nice vibe. Love the sunlight during day time; *GrabEat/Ubereats available,POSITIVE,0.9997857213020324,4,2021-02-10 11:49,en,google_map
Thao Nguyen Le,First time experienced as doesn't feel bored of having healthy food! A go-to for anyone sick of plain healthy foods,POSITIVE,0.9649600386619568,5,2021-02-10 11:50,en,google_map
Hanne Tuomisto-Inch,"Excellent poke bowls, chilled out atmosphere and friendly staff. Kids loved it as well. Note you need to pay in cash!",POSITIVE,0.9997283816337584,5,2021-02-10 11:50,en,google_map
Phan Tiên,150k ý. Khá ngon. Nên chọn vừa cơm vừa rau ở tằng đầu sẽ dễ ăn hơn.,POSITIVE,0.9986501336097716,5,2021-02-10 11:50,vi,google_map
Joe Black,"Love this place! Great food, staff is so friendly, great decour, great to work from. Lot's of healthy options for food and even the coffee is delicious.",POSITIVE,0.9998891353607178,5,2021-02-10 11:51,en,google_map
Débora Alba,"I went without great expectations and it surprised me!  , the products are very fresh and tasteful, with friendly service and a very pleasant environment.",POSITIVE,0.999881625175476,5,2021-02-10 11:51,en,google_map
Phuong Thao Pham,"Đồ ăn không những ngon mà còn sạch sẽ, healthy và thái độ phục vụ của những bạn nhân viên rất tốt nữa. Mình sẽ quay lại nhiều nhiều lần nữa.",POSITIVE,0.9998657703399658,5,2021-02-10 11:52,vi,google_map
Sơn Phạm,"Đồ ăn ngon nhưng hơi đông vào khung giờ đi ăn, xếp hàng mất khoảng 15p",NEGATIVE,0.7535969018936157,5,2021-02-10 11:53,vi,google_map
Daniel Delacour,Very good poke with generous portions and fresh ingredients. Free rice and salad refill.,POSITIVE,0.9998326301574708,5,2021-02-10 11:53,en,google_map
Evelyn Yao,Perfect! we can choose a lot of toppings.; The seafood and vegetables are fresh!,POSITIVE,0.9998608827590942,5,2021-02-10 11:53,en,google_map
Camille Gravier,"Amazing place! the food was delicious, super healthy, the place really peaceful and nice, hidden but great!! I will come back for sure. The service is really cute too. A bit expensive (150k) but the bowl was quite big so it made me 2 meals. Don't hesitate at all!",POSITIVE,0.9997140765190125,5,2021-02-10 11:54,en,google_map
Ren Ying Yi,"Tasty food and friendly clerk with good vibe decoration,excellent",POSITIVE,0.9998745918273926,5,2021-02-10 11:55,en,google_map
Aisling Geaney,"Delicious, fresh food! So many choices to make your own poké and decent portion sizes. The staff were really friendly and happy to talk us through the various options and ingredients. They even came to check we were happy with our food and …",POSITIVE,0.9998779296875,5,2021-02-10 11:55,en,google_map
Tom Novak,Perfect restaurant. The food was great and the stuff even more,POSITIVE,0.9998784065246582,5,2021-02-10 11:55,en,google_map
Atty Altenburg,Best pokebwol ever! Good price for a lot of food. The girls working there are so kind!,POSITIVE,0.9997254014015198,5,2021-02-10 11:55,en,google_map
Quanh Quanh,"Fresh, delicious, acceptable price due to the central location.",POSITIVE,0.9998818635940552,4,2021-02-10 11:56,en,google_map
Vianney Duburque,"The dish there are very nice and fresh. The choice is good, you can choose pre made bowl or make your own. Staff is quite nice. However the price for one bowl is a bit expensive. You can make it a weekly special meal",POSITIVE,0.9985609650611876,4,2021-02-10 11:56,en,google_map
Lê Trần Xuân Thanh,"Đồ ăn ngon lắm luôn! mình thích nhất là có option cho người không ăn dc cá sống  mình thường ăn shrimp mix với spicy mayo. Topping thì cái nào cũng ngon, mà mình thích nhất là quail egg, mango với mushroom á nhân viên cũng nhiệt tình, thân thiện nữa. Rất là hài lòng luôn! Highly recommend",POSITIVE,0.9998303651809692,5,2021-02-10 11:58,vi,google_map
Big Mercury,"I eat at Poke often and really like the food here because of the quality and high credit. Today I couldn’t go to the store so I ordered online and got highly disappointed.  The bowl lacked corn, sesame, pomelo, mango, pineapple, bean that …",NEGATIVE,0.9959031939506532,1,2021-02-10 11:59,en,google_map
Jennifer Ng,"A friend and I were in town having an experience.  Though familiar with consuming this style of food for maintaining the body, it was pleasant to happen upon the Poke Bowl concept.  The staff were friendly, efficient, and ever patient as we …",POSITIVE,0.9996752738952636,5,2021-02-10 11:59,en,google_map
Loey's Land,"Mình đi cùng 2 đứa nữa nên 3 đứa ăn 2 tô thôi mà cũng thấy no căng bụng. Bọn mình gọi 2 set toppings mà quán recommend luôn cho đỡ suy nghĩ phải chọn toppings nào hihi. Mình cực thích món này luôn tại ăn no bụng mà còn nhiều rau nữa, tốt cho sức khoẻ! Bạn nào chưa ăn thì thử nhaaa",POSITIVE,0.983512818813324,5,2021-02-10 11:59,vi,google_map
Minh Anh Nguyen,It’s a great exeprience!!!; • Delicious and fresh meal; • Many options to choose …,POSITIVE,0.999891996383667,5,2021-02-10 12:00,en,google_map
ENGLISH ZONE,Ngon cực kìii luôn á mấy bạn ơi. Không thử là một thiếu sót lớn lắm luôn.; Đây là món ăn đến từ hawaii là sự lựa chọn đúng đắn cho bạn nào muốn eat clean hay giảm cân nha  . …,POSITIVE,0.9993999004364014,5,2021-02-10 12:00,vi,google_map
John Jones,"Great food. However bowls are dirty which makes it worse since its wood that asorbs bacteria. The people cleaning it wash it for 4 seconds thats it. Not real cleaning. Dirty... and bowl comes wet with tap water. However, food was very good! Thats why i give it 4 stars. Step your cleanning game up please! Wont be back for this reason.",NEGATIVE,0.5281108021736145,4,2021-02-10 12:01,en,google_map
Daisy,"Absolutely delicious!! The food is super fresh and the staff are delightful. I got a veggie bowl for 120,000 and they refilled my rice too.",POSITIVE,0.9998730421066284,5,2021-02-10 12:01,en,google_map
Rica Rodriguez,"Cozy place and great value for money, friendly staff too!",POSITIVE,0.99982750415802,5,2021-02-10 12:02,en,google_map
Emily Nguyễn Thị Thanh,"Đồ ăn ngon, tươi. Trứng cút ngon xỉu. Nhưng trừ hai sao hnay hai bạn nhân viên thái độ không thân thiện, phân biệt khách. Khách lần đầu tiên thử mà không chỉ dẫn tận tình, liếc khách. Trừ hai sao nha! Ngày 17/7 lúc 7pm.",NEGATIVE,0.9435016512870787,3,2021-02-10 12:02,vi,google_map
amelie Maas,"LOVE it! You can adapt to your Hunger and taste and everything is delicious, good quality, fast and very friendly staff. Calm hidden place nice to linger around for a while longer.",POSITIVE,0.9998346567153932,5,2021-02-10 12:02,en,google_map
Sói Xám Tiểu Ca,Quán  hơi khó tìm vì cái bạn hiệu bé tí teo à  tưởng chật chội ai ngờ vô gửi xe xong lên tầng 1 bao đẹp luôn   Nhân viên ở đây cực kì thân thiện. Không gian sắp xếp gọn gàn lãng mạng có dịp sẽ quay lại 5/5 sao …,POSITIVE,0.9953497052192688,5,2021-02-10 12:02,vi,google_map
Nguyễn Nhật,"Bảo vệ tòa nhà thì khó chịu với tài xế; Nhân viên nhà hàng thì nói chuyện hách dịch với tài xế, khách hàng thì thái độ khác, tài xế thái độ khác. Yêu cầu tôn trọng người khác vì tài xế cũng là người mua hàng nhé.",NEGATIVE,0.9762536883354188,1,2021-02-10 12:02,vi,google_map
Wiktoria Słowikowska,Lovely and helpful staff. Advised about vegan and gluten free options. The portion was a perfect size and really tasty! Loved it.,POSITIVE,0.9998792409896852,5,2021-02-10 12:03,en,google_map
Google User,"Great Food!; Seemed a bit busier here than at the Nguyễn Huệ store, but it could have been the timing. Busy at lunch time.",NEGATIVE,0.9604352116584778,4,2021-02-10 12:04,en,google_map
Marianne Dan,"The place is cosy and quiet, food is good and generous, and the young ladies who work there are so kind and professional ! Great experience, will go back again, for sure ",POSITIVE,0.9998660087585448,5,2021-02-10 12:04,en,google_map
tiendai ngo,"Nhân viên có thái độ hằn học vs shipper ra mặt còn đối với khách nó vui vẽ ra mặt, vô mua có vô xin đâu mặt của nó như muốn đuổi khách ra",POSITIVE,0.9978394508361816,1,2021-02-10 12:04,vi,google_map
Bo Jen,Nhân viên phục vụ cực kì dễ thương và thân thiện luôn đó các bạn ơiii. Recommend mấy bạn phải thử 1 lần nhaaaaaaaaa,POSITIVE,0.9997549653053284,5,2021-02-10 12:04,vi,google_map
Huong Tran,"Quán  khinh thường ae ship bên grap như tôi thua ,bán đc vây thì đừng đăng kí grapfood",NEGATIVE,0.9994233846664428,1,2021-02-10 12:05,vi,google_map
Duyet Trinh,Món ăn ngon,POSITIVE,0.999862551689148,5,2021-02-10 12:05,vi,google_map
huyền trân nguyễn,Món ăn ở đây ngon lắm nhân viên cũng thân thiện dễ thương nữa nên sẽ ghé thường xuyên,POSITIVE,0.9998623132705688,5,2021-02-10 12:05,vi,google_map
Trường Lê xuân,Thái nhân viên phục đối với shipper rất tệ và khinh thường shipper,NEGATIVE,0.9997231364250184,1,2021-02-10 12:06,vi,google_map
Anna Stephenson,Hidden gem! Full of nutritious delicious food. Really friendly staff and chilled vibes!,POSITIVE,0.9998724460601808,5,2021-02-10 12:06,en,google_map
Thanh Lưu,Đồ ăn kiểu sushi tự chọn rất ngon. Tầm 150k/ phần,POSITIVE,0.9998434782028198,4,2021-02-10 12:06,vi,google_map
Oliver Heard,Small little place. Friendly and helpful staff. An expensive but healthy meal.,POSITIVE,0.9997804760932922,3,2021-02-10 12:06,en,google_map
Ksenija Vraneš,"Friendly service and tasty food! So cosy and welcoming, just wonderful!",POSITIVE,0.999890685081482,5,2021-02-10 12:07,en,google_map
Shiraz Barzilai,"Probably my favorite food in world. Great place, great service, great food. Love it.",POSITIVE,0.9998898506164552,5,2021-02-10 12:07,en,google_map
Chau Ngoc Hanh,"Khá ngon,  dù hơi mắc thật.  Có cá hồi tươi ạ",POSITIVE,0.9998074173927308,5,2021-02-10 12:07,vi,google_map
Sean Shuter,Fresh healthy food in a tasteful space. A perfect healthy lunch option.,POSITIVE,0.9998810291290284,5,2021-02-10 12:07,en,google_map
X C,So delicious and fresh ! Highly recommend to try Californian poke  …,POSITIVE,0.999886155128479,5,2021-02-10 12:08,en,google_map
felix kl,"fantastic food, nice staff",POSITIVE,0.9998825788497924,5,2021-02-10 12:08,en,google_map
Matze Bee,Very delicious bowls. Who likes sushi will love that too,POSITIVE,0.999826967716217,5,2021-02-10 12:08,en,google_map
Andrea Flores,Great little place to have some poke before you explore the Cafe Apartments!,POSITIVE,0.9928663969039916,5,2021-02-10 12:08,en,google_map
Kate Derie,"Tried ordering from this place on Monday, waited for 20 minutes to receive a call that they are out of food... Ordered again on Wednesday, again got a call ""we don't have enough food"". Wow",NEGATIVE,0.9982702732086182,1,2021-02-10 12:08,en,google_map
Rajan Nambiar,Awesome!!!  Good food and excellent service - which is rare (the service).,POSITIVE,0.9998849630355836,5,2021-02-10 12:09,en,google_map
Robin Hanna,"Friendly service, delicious poke bowls (with quinoa option) !",POSITIVE,0.9997308850288392,5,2021-02-10 12:09,en,google_map
Hanna Ch,Hơi bị mắc nhưng chắc nguyên liệu xịn sò nên giá vậy ạ,POSITIVE,0.5519166588783264,5,2021-02-10 12:10,vi,google_map
Thanh Nguyen,Quán này thức ăn ngon nè.   …,POSITIVE,0.9998812675476074,5,2021-02-10 12:12,vi,google_map
Tobias Palmgren,Great fresh food for a hot day in Ho Chi Minh City!,POSITIVE,0.9998677968978882,5,2021-02-10 12:12,en,google_map
Jason Kim,Very good. Reasonable price as well. Good interiors,POSITIVE,0.9998551607131958,5,2021-02-10 12:12,en,google_map
Nhân Trần,"Nice ambience, good vibe, healthy and fresh ingredients",POSITIVE,0.999879002571106,5,2021-02-10 12:13,en,google_map
Phúc Phạm,Thái độ nhân viên yếu kém hãy xem lại,NEGATIVE,0.9893765449523926,1,2021-02-10 12:13,vi,google_map
Viktor Breitenbücher,My favourite place for healthy and detox food.,POSITIVE,0.9922043085098268,5,2021-02-10 12:13,en,google_map
thien vinaseco,"Quán quá tệ, xem thường shipper quá.",NEGATIVE,0.9997323155403136,1,2021-02-10 12:14,vi,google_map
Charles Lindquist,lovely healthy food though a little expensive for what it is.,POSITIVE,0.999854326248169,4,2021-02-10 12:14,en,google_map
Hà Nguyễn,rất ngonnnnnn,POSITIVE,0.9997687935829164,5,2021-02-10 12:14,vi,google_map
MOVE by XUANTHI,"Salad ok, staffs are not friendly with local customers",NEGATIVE,0.9995148181915284,3,2021-02-10 12:14,en,google_map
Tâm,Sạch sẽ,POSITIVE,0.9997130036354064,5,2021-02-10 12:15,vi,google_map
Nguyên Phương,Thức ăn ngon.,POSITIVE,0.9998639822006226,5,2021-02-10 12:16,vi,google_map
Trần Hùng,OK,POSITIVE,0.9997851252555848,5,2021-02-10 12:16,pt,google_map
Nhã Nguyễn,that is so GOOD,POSITIVE,0.9998393058776855,5,2021-02-10 12:16,en,google_map
Y M,Best Poke Bowl I know,POSITIVE,0.994944989681244,5,2021-02-10 12:16,en,google_map
Vilma åker,Very Good!! Good for vegeterians,POSITIVE,0.9997982382774352,5,2021-02-10 12:16,da,google_map
Tuan Tran Minh,phục vụ rất ok,POSITIVE,0.99978905916214,4,2021-02-10 12:17,vi,google_map
07.Nguyễn Duy 10A4,it's a good restaurent,POSITIVE,0.9998732805252076,3,2021-02-10 12:17,en,google_map
Innhanh Ex,HCM,NEGATIVE,0.9427304863929749,5,2021-02-10 12:17,vi,google_map
shachar sela,Very tasty!,POSITIVE,0.9998886585235596,5,2021-02-10 12:17,en,google_map
Chau Tieu Ngoc,Healthy concept. To try.,POSITIVE,0.9998249411582948,3,2021-02-10 12:17,en,google_map
Khoi Vinh Nguyen,Cozy place,POSITIVE,0.999798595905304,5,2021-02-10 12:18,pl,google_map
dudu adu,Hết chỗ chê,NEGATIVE,0.9993871450424194,5,2021-02-10 12:18,vi,google_map
Hop Nguyen y,Good,POSITIVE,0.999816119670868,5,2021-02-10 12:18,so,google_map
Matthew Nolan,Wonderful!,POSITIVE,0.999876856803894,5,2021-02-10 12:18,de,google_map
gn ng,good,POSITIVE,0.999816119670868,5,2021-02-10 12:18,so,google_map
Anh Hieu Luu,Rất hài lòng,POSITIVE,0.9998689889907836,5,2021-02-10 12:18,vi,google_map
Ella,"In the cute little shop in the coffee apartment, you can choose a la carte style, and you can specify more ingredients if you like. The combination of salmon and mango is very recommended. It is recommended to use sushi rice and salad as a base for a refreshing meal!",POSITIVE,0.9996919631958008,4,2021-02-10 12:19,en,google_map
dy,"The ingredients are fresh and delicious.; Good for a refreshing meal; Like other people's reviews, compared to local prices …",POSITIVE,0.9998788833618164,5,2021-02-10 12:20,en,google_map
Оксана Малкова,Very cozy place. Tasty food. Polite staff. They speak English well. Didn't find it right away,POSITIVE,0.9985812902450562,5,2021-02-10 12:20,en,google_map
Nicole Vlasics,The food was delicious and fresh. The staff welcomed us very friendly and they were very helpful.; The juices were also very tasty and no added sugar. Top :),POSITIVE,0.9997636675834656,5,2021-02-10 12:20,en,google_map
Loungovietnam111,"Very good place. Nice decoration, spacious with a lot of cool corners. The food is amazing, always very fresh and delicious, we have always been a big fan of Poke since we first ate at Nguyen Hue branch. The staffs were so nice and helpful. …",POSITIVE,0.9998873472213744,5,2022-01-12 11:40,en,google_map
ForGetMeNot,"It's little difficult to find this restaurant when you come at the first time; However, I was there twice during my staying; Very cute decoration restaurant. …",POSITIVE,0.9987189769744872,5,2022-01-12 11:42,en,google_map
Jessie Do,Ambience: nice cozy ambience with both indoor and outdoor seating; Food: fresh and delicious! The serving size is reasonable too.; Overall a decent experience. However the price can be slightly lower to remain compelling!,POSITIVE,0.9997538924217224,4,2022-01-12 11:44,en,google_map
Hedonicarus,Very tasty and satisfying. You can build your own poke and choose as many toppings as you want (except the actual poke).,POSITIVE,0.9998629093170166,5,2022-01-12 11:46,en,google_map
Mac Macsson,"It was OK, but not as good as I had hoped. Quite pricy for very simple ingredients and the quality of the lettuce wasn't the best. Also very small portions. Not sure if I will come back.",NEGATIVE,0.989598512649536,2,2022-01-12 11:46,en,google_map
Võ Tuyết Dung,"Tươi ngon, lành mạnh, sạch đẹp. Nv vui vẻ, thân thiện",POSITIVE,0.9998793601989746,4,2022-01-12 11:53,vi,google_map
Bethany Bieber,"Cute little spot, this building is worth checking out for all the tiny cafes and boutiques inside. Poke bowl is delicious",POSITIVE,0.9998756647109984,5,2022-01-12 11:53,en,google_map
Hương Thủy Trần Ngô,"Service, space and overall experience is worth the price.; Serving size is a bit much for me though, but the fish and shrimps are fresh and juicy. …",POSITIVE,0.9998202919960022,5,2022-01-12 11:56,en,google_map
Simon Wood,"A lunch stalwart during my time in Saigon. Consistently delicious, with generous portions and friendly staff. Prices are a little high compared to other restaurants of the same type, but to be fair, it is the best quality compared to tbose other restaurants too.",POSITIVE,0.9998015761375428,5,2022-01-12 11:58,en,google_map
vu nguyen94,"Nhân viên làm thiếu tinh thần trách nhiệm, có ông chủ ở quán thì làm siêng năng khi chủ vắng mặt thì toàn ngồi chơi , đơn hàng đến không chịu làm liền ?? Thái độ và trách nhiệm ở đâu ?",NEGATIVE,0.999556839466095,1,2022-01-12 12:01,vi,google_map
Hozuki Shike,"Nhân viên phục vụ cực kỳ kém và không tôn trọng khách hàng, thái độ như muốn đuổi khách, đập tô chén xuống bàn ầm ầm, hỏi order mà như chửi vào mặt. Khách vô ăn trả tiền mà làm như ăn xin. Thật sự thất vọng. Không có chỗ chấm 0 sao. Không …",NEGATIVE,0.9997085928916932,1,2022-01-12 12:02,vi,google_map
SỨC KHỎE,"Nhân viên cực kỳ thiếu tôn trọng, coi thường người mua về kiểu như là thượng đế trong khi quên mất khách hàng mới là thượng đế. Trời nắng nóng mua về thì đuổi ra ngoài ngồi đợi. 1 sao chẳng có gì là quá đáng.",NEGATIVE,0.9903765320777892,1,2022-01-12 12:02,vi,google_map
florent chaudemanche,a lovely place for Saigon's Lover already,POSITIVE,0.9998329877853394,5,2022-01-12 12:03,en,google_map
Châu Giang Nguyễn,"Nice food, good experience ",POSITIVE,0.9998764991760254,5,2022-01-12 12:04,en,google_map
Khoa Mai,"Mình thích chỗ này lắm. Rộng và đẹp cực, hơn bên Nguyễn Huệ nhiều. Đồ ăn thì cũng ngon khỏi nói rồi. 5/5 !!!",POSITIVE,0.9998829364776612,5,2022-01-12 12:04,vi,google_map
Serge Khalifé,Tasty food and very friendly service. The only negative is the long wait at lunch time because this place is very popular,POSITIVE,0.9986252784729004,4,2022-01-12 12:04,en,google_map
phan phương,"Một khu chung cư cũ kĩ nhưng vẫn rất kien cố ... bên trong mát mẻ , yên tĩnh",POSITIVE,0.9960629343986512,5,2022-01-12 12:05,vi,google_map
Mr. Mahi,"Amazing food, staff are very friendly and spoke good English. Definitely recommended for a healthy meal in Saigon!",POSITIVE,0.9998401403427124,5,2022-01-12 12:05,en,google_map
Tucker Pawlick,"Good quality and tasty poke. Nice quiet location. But at 180,000 seems a bit pricey",POSITIVE,0.998779833316803,4,2022-01-12 12:05,en,google_map
Anh Bụng Mỡ Food,"đã từng ăn, rất ngon và view bao đẹp",POSITIVE,0.9998821020126344,5,2022-01-12 12:07,vi,google_map
Tân Lê Phát,Đợi món quá lâu30 tới  40p mới có đồ ăn quá tệ,NEGATIVE,0.9989783763885498,1,2022-01-12 12:07,vi,google_map
Brian Nguyen,Probably one of the best poke they have in Saigon. This is as close as the poke I usually have in the US.,POSITIVE,0.998872458934784,5,2022-01-12 12:09,en,google_map
Thuật Kỹ,Địa điểm tầng 2 đẹp nhưng lên khá khó khăn,POSITIVE,0.5796924829483032,4,2022-01-12 12:11,vi,google_map
Francis Stewart,Great food. Great taste. Healthy,POSITIVE,0.9998865127563475,5,2022-01-12 12:11,en,google_map
Doctor Squish GIVEAWAY,rất ok và rất tuyệt mình khá thicí chonaà,POSITIVE,0.9998718500137328,5,2022-01-12 12:12,vi,google_map
Đình Thương Võ,"Coi thường shiper, đợi chờ rất lâu",NEGATIVE,0.994555115699768,1,2022-01-12 12:13,vi,google_map
Linh Luong,Ordered few times and never disappointed.,POSITIVE,0.9967107772827148,5,2022-01-12 12:14,en,google_map
Tzvi Lieberman,I've eaten better pokes.,NEGATIVE,0.9886680245399476,3,2022-01-12 12:15,no,google_map
anh đức deustack 12,Nhân viên coi thường tài xế,NEGATIVE,0.9984908103942872,5,2022-01-12 12:15,vi,google_map
Kiệt Trần Anh,Wow ngon tuyệt,POSITIVE,0.9998804330825806,5,2022-01-12 12:16,vi,google_map
Nguyễn Minh Cường,View đẹp,POSITIVE,0.999853491783142,5,2022-01-12 12:16,vi,google_map
Tran Vo,Như loz quá lâu,NEGATIVE,0.9993957281112672,1,2022-01-12 12:16,vi,google_map
Đình Đại,rất tuyệt vời,POSITIVE,0.9998630285263062,5,2022-01-12 12:16,vi,google_map
SieuthiOAZ,good for dating at night,POSITIVE,0.999713122844696,5,2022-01-12 12:17,en,google_map
Chien Vu,Món ăn ngon,POSITIVE,0.999862551689148,3,2022-01-12 12:17,vi,google_map
Jenna Pham,The staff are very rude,NEGATIVE,0.9995536208152772,1,2022-01-12 12:17,en,google_map
Ky Nguyen,Ok,POSITIVE,0.9997851252555848,5,2022-01-12 12:18,af,google_map
Nhung Nguyen,"Very fresh bowl with colorful. The price is 180k a little high for a mixed bowl which is already listed in menu. The space is small with only 2 staffs while a lot of guest queue and online orders, so avoid go to eat on peak hours.",NEGATIVE,0.9613295793533324,4,2022-12-14 11:39,en,google_map
Ibrahim Sheikh,"An unbelievable poke bowl for the cost. The ingredients and fish are fresh, the bowls are very pretty and the unlimited toppings is a huge plus. It is a lot of food for only about $7 USD and the eatery is very comfortable. Highly recommend.",POSITIVE,0.9997598528862,5,2022-12-14 11:40,en,google_map
Caitlin McMenamin,Fresh and delicious food! I came at lunchtime and had to wait in line for a long time as they were preparing lots of Grab orders. I was impressed by the price (180 000 dong) given you can choose unlimited toppings for free. Very worthwhile!,POSITIVE,0.9996875524520874,5,2022-12-14 11:40,en,google_map
Loli Yum,"Quán xinh xắn dễ thương. Cơm ở đây siu ngon mà còn healthy nữa. Cơm trộn ăn rất vừa miệng, nhiều rau mà ăn không hề ngán. Nhất là có cá hồi sốt cay ăn cùng cơm ngon lắm, thêm xoài và các topping khác đều rất hợp miệng. Một tô vậy ăn xong no căng cả buổi luôn. Vừa ngon, vừa no vừa tốt sức khoẻ luôn nè!!!",POSITIVE,0.9997699856758118,5,2022-12-14 11:40,vi,google_map
Katie Coulson,10/10 food and service. Ingredients are so fresh and taste delicious considering they’re so healthy! I love the way you order to build your own bowl as I can be fussy with food. I will 100% be back several times before the end of my trip.,POSITIVE,0.99978905916214,5,2022-12-14 11:40,en,google_map
Karim,"I love Poke Saigon! The food is so fresh and I feel great when I leave. It's also delicious. The bowls are well priced, the service is always great, and the food always tastes delicious. I'm never disappointed when I visit.",POSITIVE,0.9998849630355836,5,2022-12-14 11:40,en,google_map
My Phạm,"Quán có không gian dễ thương, khá là yên bình. Đồ ăn vẫn như mọi lần ngon xuất sắc. Đáng lẽ mình sẽ cho 5 sao nếu không vì trải nghiệm siêu tệ về vấn đề thanh toán mà mình đã gặp ở cả 2 chi nhánh. Quán nên có cách xử lý linh hoạt hơn với …",POSITIVE,0.9980574250221252,4,2022-12-14 11:40,vi,google_map
Angelica Leong San Loi,"Super super delicious and healthy poke bowl, must try in Vietnam. The gate is a little shabby, but the interior decoration and design is simple and modern with lots of greenery. Can’t pay by card only cash.",POSITIVE,0.9987305998802184,5,2022-12-14 11:40,en,google_map
vu vietanh,Không thể ngờ trong 1 chung cư kiểu cũ lại có nhiều quán ăn và cafe hay như vậy. Quán sạch đẹp. Đồ ăn ngon. Giá phù hợp với quận Nhất  …,POSITIVE,0.9991801381111144,4,2022-12-14 11:40,vi,google_map
Linhbee93,"Hop bán salad trộn cực kỳ ngon, best ở sài gòn luôn ạ. Phần tự chọn 180k nhưng ăn rất đang tiền nhen. Ngon nhiều và vị rất vừa miệng luôn á. Rất nên đi ăn nhen mọi người  …",POSITIVE,0.9997110962867736,5,2022-12-14 11:40,vi,google_map
Lan Nguyen,"For the price of 180k you get to pick and choose your own sushi (up to two choices).  For the base they have salad, brown rice, and sushi rice.  You can choose a combination and do half rice nd half salad for example.  They have plenty of …",NEGATIVE,0.8348680138587952,5,2022-12-14 11:40,en,google_map
Kaylyn Goh,"I bought a regular poke bowl for 180k VND, which gives 2 scoops of proteins and unlimited toppings. While the food might be pricey compared to other food options you can find, the poke bowl was worth it! Fresh ingredients with a whole lot …",POSITIVE,0.9997209906578064,5,2022-12-14 11:41,en,google_map
M Green,"Excellent little place to grab a healthy meal. It has a large area inside with air conditioning and a few nice open air tables outside. To get there, you have to walk through the ""garage""/ground floor, up a flight of stairs in the back and …",POSITIVE,0.9986286163330078,5,2022-12-14 11:41,en,google_map
Trung Diep,If you love Poke bowls this is the place! 10/10. The food and fish are super fresh and tasty. You also get unlimited toppings and if you want more rice or salad while you're eating you can ask for more free of charge. First time having poke …,POSITIVE,0.9992689490318298,5,2022-12-14 11:41,en,google_map
Hien Nguyen The,"Đồ ăn tươi ngon,không khí dễ chịu. Phục vụ đồ ăn rất nhanh và nhiệt tình. Ăn trưa và thư giãn ở đây cũng rất ok",POSITIVE,0.9998859167099,5,2022-12-14 11:41,vi,google_map
Hải Vy Đoàn,Ăn Healthy & Balanced - Poke sài gòn!; Nghe đồn chỗ này đã lâu nay mới có dịp đi. Dạo này rộ lên phong trào ăn uống healthy nên hầu như ai cũng chọn chỗ này. Mình đi ăn thử và cảm thấy bị nghiện hẳn …,POSITIVE,0.9902620911598206,5,2022-12-14 11:41,vi,google_map
Hoang Amy,"Mình tưởng ăn sẽ lạt miệng mà không ngờ cực ngon luôn ấy 🥹 mình đi 2 người, lúc đầu nhìn tô to quá sợ ăn không hết nổi nên chia ra một đứa ăn nửa phần, mà ăn xong rất nhẹ bụng không có bị no, nên còn muốn gọi thêm một bát nữa cơ 🫠 …",POSITIVE,0.962069809436798,5,2022-12-14 11:42,vi,google_map
Huy Nguyễn,Lúc nào tới đồ ăn cũng tươi ngon ; Quán có không gian rất chill để nhâm nhi hết tô :)) …,POSITIVE,0.9981908202171326,5,2022-12-14 11:42,vi,google_map
Hồng Phương,"Mình đến được 2 lần. Không gian quán có nét đặc trưng, món ăn ngon, phục vụ ok. Món phù hợp dành cho các bạn thích ăn món healthy. 1 tô tầm 180-220, nước ép nguyên chất 50k …",POSITIVE,0.9996832609176636,5,2022-12-14 11:42,vi,google_map
Michelle Dinh,"Đồ ăn ở đây lạ và ngon nha, nó kiểu như salad và trên đó kèm theo nhiều topping gồm rau hạt, nước sốt thịt cá, ăn rất ngon miệng và healthy, chỉ là giá thành khá cao. Không gian ở đây sạch sẽ và thoáng mát, chỉ có điều là nếu ai k rành sẽ rất khó tìm ra cái nhà hàng này vì nó nằm trên một toà chung cư cũ",POSITIVE,0.9994794726371764,4,2022-12-14 11:42,vi,google_map
Tuan Tran Quang,"Quán đẹp, vị trí không quá khó tìm, đồ ăn ngon nhưng gạo lứt hơi khô & nguội. Giá tầm trung",POSITIVE,0.9992080330848694,5,2022-12-14 11:42,vi,google_map
Vy Đỗ,"Đi vào buổi trưa nên hơi đông , phải đợi gần 15p mới kêu được; Giá mỗi tô 180k được 2 cup nhân tự chọn có cá hồi cá ngừ tôm , bạch tuột còn các loại rau ăn kèm thì thêm tuỳ thích",NEGATIVE,0.9768202304840088,4,2022-12-14 11:42,vi,google_map
Taro,"I've had numerous bowls from here and it's always been good. If you like Poke Bowls, this place is a must try in Saigon",POSITIVE,0.9991554021835328,5,2022-12-14 11:43,en,google_map
Khoa Phan,"Không gian dễ thương trên đường Lý Tự Trọng, nhẹ nhàng cho một cafe chiều và đồ ăn nhẹ",POSITIVE,0.9994908571243286,4,2022-12-14 11:44,vi,google_map
Ha Dinh,"Mình đặt qua app, đồ ăn vẫn rất ngon và đầy đặn, nguyên liệu tươi, thích nhất là trứng cút lòng đào và hạt cơm lứt không bị quá cứng, giá hơi cao nhưng đáng tiền.",POSITIVE,0.9997003078460692,5,2022-12-14 11:44,vi,google_map
Azzira Azli,Fresh ingredients and satisfying poke meal! Love the vibe - good place to chill. Try their juices - the guava & cucumber is delish.,POSITIVE,0.9997292160987854,5,2022-12-14 11:44,en,google_map
Lan Ly,"Excellent food and excellent staffs, i cant ask for more.If you have a chance to visit this city, this lovely restaurant is a must-to-go.",POSITIVE,0.9998601675033568,5,2022-12-14 11:45,en,google_map
Minh Tâm Ngô,Quán này bán poke hơi mắc. Nên đi sớm thì mới còn nhiều đồ ăn nha.,POSITIVE,0.98714280128479,3,2022-12-14 11:45,vi,google_map
Chinh Nguyen,"Đồ ăn rất ngon và healthy, giá hơi cao 180k/phần. Gửi xe ở chung cư bên dưới, 10k.",POSITIVE,0.999230980873108,5,2022-12-14 11:45,vi,google_map
Bác sĩ Hải Triều,"Đồ ăn tươi, healthy và rất ngon miệng. Không gian đẹp, phục vụ nhanh, thái độ tốt. Sẽ quay lại nếu có dịp",POSITIVE,0.999881386756897,5,2022-12-14 11:45,vi,google_map
Hiền Lê,"Đồ ăn ngon, không gian xinh xắn, nhân viên dễ thương nhiệt tình",POSITIVE,0.9998904466629028,5,2022-12-14 11:46,vi,google_map
Ty TN,"Khá lạ, nhưng ăn ok lắm nha. nhìn nhỏ nhỏ vậy chứ ăn no căng.",POSITIVE,0.9967457056045532,5,2022-12-14 11:46,vi,google_map
Nhi Võ,"Quán view đẹp, món ngon và nhân viên dễ thương lắmmm",POSITIVE,0.999853253364563,5,2022-12-14 11:46,vi,google_map
Sia,One of the best poke I ever tried! Ingredients really tasty. Staff is so sweet …,POSITIVE,0.9998290538787842,5,2022-12-14 11:47,en,google_map
Hú Dương,"Đồ ăn rất ổn, không gian ấm cúng, và giá hơi mắc nhưng vì là quận 1 nên cũng hợp lý",POSITIVE,0.9997095465660096,5,2022-12-14 11:47,vi,google_map
Minh To Xuan,It is quite good for the price range. Very delicious food.,POSITIVE,0.9998812675476074,5,2022-12-14 11:47,en,google_map
Jason Cheung,"Great place, fresh ingredients and variety.  Great vibe the only complaint would be better signage of finding the place.  Friendly staff.",POSITIVE,0.999717652797699,5,2022-12-14 11:48,en,google_map
Thư Nguyễn,Ngonn nha. Thích ăn poke lắmm. Chụp ảnh sống ảo cũm đẹp hêhheh,POSITIVE,0.9998080134391784,5,2022-12-14 11:49,vi,google_map
Minh Lâm,"I was come here with my friends. I saw the information on google the operating time will be at 10 a.m. I came here at 10:15’ am and sit here about 5 mins. The staff still indifferent with us, cold welcome and it was almost 11 am that the …",NEGATIVE,0.9795109033584596,1,2022-12-14 11:51,en,google_map
Kate Zhou,Amazing service and food. Will definitely come again,POSITIVE,0.9998856782913208,5,2022-12-14 11:52,en,google_map
Eleanor Metcalfe,Had a really tasty poke bowl. Often it is difficult to get a vegetarian meal however they did really delicious falafel. They also have fresh juices which are so refreshing. The staff were really lovely and gave us loads of information about Ho Chi Minh and Hanoi. Would definitely go back again if we weren't leaving!,POSITIVE,0.9997990727424622,5,2022-12-14 11:53,en,google_map
Thu Bui,Không còn ngon như xưa nữa.,NEGATIVE,0.9967001080513,4,2022-12-14 11:53,vi,google_map
Mikyung Jeon,The natural flavor of fresh ingredients was extraordinary!!!,POSITIVE,0.9998844861984252,5,2022-12-14 11:53,en,google_map
Phuong Bui,"Đồ ăn ngon, sạch sẽ, nhân viên thân thiện rất tận tình tư vấn cho khách. 1 tô nhìn nhỏ nhưng ăn no xỉu  Recomend mọi người nên thử, đúng là tiền nào của đó  …",POSITIVE,0.9993029832839966,5,2022-12-14 11:53,vi,google_map
Phuong Ha,"Mình vừa ăn lần đầu hôm qua thôi mà đã siêu thích đồ ăn, không gian và cách phục vụ ở đây luôn. Cá hồi rất tươi, topping cũng rất ngon nữa, bọn mình còn được refill cơm và rau thêm nên 2 đứa kêu 1 phần mà ăn xong no lắm. Quán để lại ấn tượng siêu tốt cho mình và cả bạn mình nữa ",POSITIVE,0.9995867609977722,5,2022-12-14 11:54,vi,google_map
John Nguyen,"Đồ ăn ngon, giá tốt, quán đẹp",POSITIVE,0.9998770952224731,5,2022-12-14 11:54,vi,google_map
Minh Ngọc,"Quán decor xinh, đồ ăn ngon, giá hơi cao nhưng bù lại chất lượng, dàn staff phục vụ khác nice. Sẽ quay lại …",POSITIVE,0.999601423740387,5,2022-12-14 11:54,vi,google_map
Ares Leo,"Không gian quán đẹp, đồ ăn ngon, nhiều loại base và topping để lựa, ăn no, vì đồ chọn xong trộn nên nhanh, nhóm mình ăn xong vừa kịp giờ xem phim.",POSITIVE,0.9984045624732972,5,2022-12-14 11:54,vi,google_map
bambu 215,"I tried the food here at Poke Saigon today and it was a wonderful experience!. The food was delicious with so many textures and flavors,it tasted amazing and the decorations were very well done.i spoke to a member of staff and she was extremely helpful and nice. 10/10 will be coming back soon!.great food guys!",POSITIVE,0.99987530708313,5,2022-12-14 11:54,en,google_map
Matilda Wood,"Been here many times since 2019 and it's always nice. The staff is lovely, especially Vy. The brown rice here is another new level of brown rice here.",POSITIVE,0.9998334646224976,5,2022-12-14 11:54,en,google_map
Thanh Thủy Đỗ,My favorite poke resto in 3 years but not anymore!!; ; The food tastes very good but they often run out some sorts of topping/protein …,NEGATIVE,0.9954374432563782,4,2022-12-14 11:54,en,google_map
man -w- life,Quán chi nhánh lý tự trọng. Nằm trên lầu 1 của chung cư. Không gian không quá rộng. Vệ sinh sạch sẽ. Đồ ăn ngon. Giá thuộc tầm trung và cao,POSITIVE,0.9994847774505616,5,2022-12-14 11:54,vi,google_map
Minh Ngoc Nguyen,"Ăn ngon nha, tuy giá hơi chát tí",NEGATIVE,0.8995742201805115,5,2022-12-14 11:55,vi,google_map
Nguyen Lan Anh-Annalise,I’ve been to Poke D1 twice and both times were amazing. They provide friendly service with fresh meals here. The place itself is cute too. Highly recommend,POSITIVE,0.999858260154724,5,2022-12-14 11:55,en,google_map
mai tran,"Từng là khách hàng mua nhiều lần của quán. Nhưng càng ngày càng tệ giá mắc hơn so với các quán khác nhưng không đạt yêu cầu, đồ ăn ít sẽ không bao giờ quay lại",NEGATIVE,0.9996249675750732,2,2022-12-14 11:55,vi,google_map
James Green,"Really nice place for a poke bowl in saigon. super fresh ingredients. Great staff too, especially Vy, she was super helpful and very polite. Will definitely be back",POSITIVE,0.9997406601905824,5,2022-12-14 11:55,en,google_map
Uyen Nguyen,"Nhân viên nhiệt tình lắm lun, chất lượng đồ ăn ngon không bị nhạt. Chắc chắn sẽ quay lại và gắn bó lâu dài với Poke.",POSITIVE,0.9994263648986816,5,2022-12-14 11:56,vi,google_map
Phương Vy,"This hidden restaurant just blow up my mind tbh. From the tropical vibe to lovely staff, not mention the poke bowl fill up with fresh colorful ingredients! Full energy for whole day long !!!",POSITIVE,0.9861635565757751,5,2022-12-14 11:56,en,google_map
lan anh le,"Cảm ơn Poke Sài gòn nhé. Tối thứ Bảy thật tuyệt vời với không gian quán sạch sẽ, lịch sự. Food and Drinks so good.; Thanks all",POSITIVE,0.999882698059082,5,2022-12-14 11:56,vi,google_map
Giang Lê,"Hôm nay mình ăn thử Poke thì nhân viên ở đây hỗ trợ rất nhiệt tình luôn ạ, mọi người ai cũng vui vẻ, dễ thương ấy ạ. Còn về đồ ăn thì khá chất lượng, rất ngon luôn ạ.",POSITIVE,0.99989116191864,5,2022-12-14 11:56,vi,google_map
ngọc trường nguyễn,"Món ăn ngon, có cả nước ép. Giá cả phải chăng. Không gian của quán rộng, sáng. Có duy nhất 1 điều mình đã mong cải thiện đó là cách thức gọi món. Cách hiện tại rất chậm và ảnh hưởng hơn khi đông khách, chổ chọn món cũng ngày sát cửa. Có thể quán sẽ chuyển sang hình thức order qua thiết bị thông minh.",POSITIVE,0.9754961133003236,4,2022-12-14 11:56,vi,google_map
Trần Thảo Nguyên,"Ngon quá trời lun, giá cả hợp lí, đồ ăn chất lượng, với cả không gian quán siêu thoáng siêu sáng sủa …",POSITIVE,0.9998332262039183,5,2022-12-14 11:57,vi,google_map
Uyên Uông,"Quán đông, nhân viên rất nhiệt tình, đồ ăn tự chọn như buffet (cơm+salad+topping cá hồi, ngừ, bạch tuộc,....) rất ngon. Mình sẽ quay lại ^^",POSITIVE,0.9996975660324096,5,2022-12-14 11:57,vi,google_map
Minh Pham,"Đồ ăn rất ngon , sạch sẽ . Nhân viên phục vụ cực kỳ vui vẻ vừa cái bụng mình",POSITIVE,0.9998749494552612,5,2022-12-14 11:57,vi,google_map
Doris Lê,Rất ngon và không bị ngán. Rất tốt cho sức khoẻ. Đồ ăn tươi vị ngon. Chắc chắn sẽ quay lại  …,POSITIVE,0.9998743534088136,5,2022-12-14 11:57,vi,google_map
Mark Brown,"Fantastic salads! ""Poke"" is Hawaiian for raw fish (salmon and tuna), but that's not the point of the Poke restaurant. They take a bowl, fill it with rice or lettuce and other fresh chopped vegetables, then top it with cold fish or tofu. …",NEGATIVE,0.7824302911758423,5,2022-12-14 11:58,en,google_map
Gemma Crowley,"The best place to eat in Ho Chi Minh! Amazing fresh, tasty, nutritious food served with a warm welcoming smile. Couldn't recommend this place more.  …",POSITIVE,0.9998502731323242,5,2022-12-14 11:58,en,google_map
dung phạm,"Đồ ăn dơ dáy, ruồi nhặng, kém vệ sinh, nhân viên mất dạy tệ nói năng hỗn xược với khách hàng, làm đồ ăn lâu chờ 1 tiếng mới tới lượt.",NEGATIVE,0.9993322491645812,1,2022-12-14 11:59,vi,google_map
Trần Duyên,"Đồ ăn rất ngon, trải nghiệm vô cùng xứng đáng tại đây, mình rất thích quán này.",POSITIVE,0.999886155128479,5,2022-12-14 11:59,vi,google_map
Hưng Trần,"Không gian thoáng, món ăn ngon",POSITIVE,0.999886155128479,5,2022-12-14 11:59,vi,google_map
Tung Pham Minh,"Quán khó tìm. Giá không rẻ. Không sử dụng dịch vụ, vào 5 phút ra mất phí gửi xe 10k",NEGATIVE,0.9918741583824158,3,2022-12-14 11:59,vi,google_map
Ngoc Pham,"I got recommended by a friend and tried it for the first time. The food was amazing, so were the staff - super helpful.; Highly recommend!",POSITIVE,0.999842882156372,5,2022-12-14 11:59,en,google_map
Alex Hayden,Best Poke I’ve had since I’ve left NZ! Fresh ingredients and friendly staff and great ambiance. Will be back soon :),POSITIVE,0.9997053742408752,5,2022-12-14 11:59,en,google_map
Linh Võ,"phục vụ quá tệ, có vài món hết nên tụi mình chọn hơi lâu, nhân viên thái độ ra mặt",NEGATIVE,0.999680995941162,1,2022-12-14 12:00,vi,google_map
Trường Nguyễn Ngọc,"Chất lượng tốt, giá hợp lý, không gian rộng, nhân viên nhiệt tình. Chỉ có quy trình gọi món là còn nhiều khó khăn, nhất là những lúc giờ cao điểm",POSITIVE,0.9980744123458862,4,2022-12-14 12:00,vi,google_map
Khánh Hà Võ,"Lần đầu tiên mình trải nghiệm ở chi nhánh này và sẽ không có lần thứ 2. Điểm cộng là đồ ăn rất ngon, nhưng mình cảm giác thái độ của 1 bạn nhân viên bán cho tụi mình rất cộc cằn và khó chịu. Thật sự ăn ko vô 1 chút nào :))",NEGATIVE,0.988092839717865,2,2022-12-14 12:00,vi,google_map
Duyen Cao,"Nhà hàng sạch sẽ, thoáng mát. Nhân viên nice, quầy đồ ăn đẹp và ngon. Thích trứng cút của poke",POSITIVE,0.9998756647109984,5,2022-12-14 12:00,vi,google_map
0136_Võ Trọng Khôi,"The ingredients and fish are fresh, the bowl are very pretty with colorful. Staff and service 10/10",POSITIVE,0.99982088804245,5,2022-12-14 12:00,en,google_map
Anh Nguyễn Hoàng Lan,"Lovely place with such delicious food. Green plants, colorful juice bottles, chilling music. Highly recommend",POSITIVE,0.9998904466629028,5,2022-12-14 12:00,en,google_map
Trang Ngô,"Đồ ăn ngon, cá tươi, không gian rộng thoáng và trang trí đẹp.",POSITIVE,0.9998887777328492,5,2022-12-14 12:00,vi,google_map
Minh Phuc,Tuyệt vời chất lượng đồ ăn sạch sẽ đẹp mắt hấp dẫn giá cả hợp lý giá cả phù hợp với thị trường 🫶 …,POSITIVE,0.9998348951339722,5,2022-12-14 12:00,vi,google_map
Santana Nguyễn,"Nhân viên thân thiện, poke ăn rất vừa miệng. Quán khá xinh và không gian khá yên tĩnh. Nói chung là rất hài lòng!",POSITIVE,0.9998160004615784,5,2022-12-14 12:00,vi,google_map
Lukas,"Good quality, great service, I'll be back.",POSITIVE,0.9998212456703186,5,2022-12-14 12:01,en,google_map
Huong Nguyen (vnnvanhuong),"giá hơi cao nhưng mình là người rất thích ăn món ăn của poke, vừa thú vị, vừa ngon, và healthy",POSITIVE,0.9998575448989868,5,2022-12-14 12:01,vi,google_map
George Steward,"Nguyên liệu tươi, nhiều gia vị và sốt; ăn thay đổi không bị ngán. Best hideaway place, also.",POSITIVE,0.999600350856781,5,2022-12-14 12:01,vi,google_map
Pierre Vercueil,Really good Poké! Really adorable owners. Avoid midday in the week though - can get very busy with lunch crowd.,POSITIVE,0.9995062351226808,5,2022-12-14 12:01,en,google_map
Như Ngọc Nguyễn,"đồ ăn tươi và ngon, các bạn nhân viên phục rất nhiệt tình",POSITIVE,0.9998936653137208,5,2022-12-14 12:01,vi,google_map
Hồng Điệp,"Thức ăn ngon hấp dẫn, nhân viên phục vụ hỗ trợ nhiệt tình chu đáo",POSITIVE,0.9998825788497924,5,2022-12-14 12:02,vi,google_map
quinh Vu,"In saigon for 3 years, and still go (or order) from this place every week! keep it fresh and healthy!",POSITIVE,0.9996660947799684,5,2022-12-14 12:03,en,google_map
Anh Nhi Dinh,"Very good, delicious. Never disappoints me. Always love to eat at poke",POSITIVE,0.9998886585235596,5,2022-12-14 12:03,en,google_map
Nguyet Trinh,"Quán khá đông. Poke đầy ú ụ, không quá mắc nhưng thanh toán bằng thẻ hơi lỗi",NEGATIVE,0.9578664898872375,4,2022-12-14 12:03,vi,google_map
Ngan Ngo,"Fresh and healthy, good taste, nice staff, this lovely restaurant is a must to go",POSITIVE,0.9998835325241088,5,2022-12-14 12:03,en,google_map
Tu Hao Nguyen,"Nhân viên thân thiện, quán dễ thương đồ ăn ngon",POSITIVE,0.9998780488967896,5,2022-12-14 12:04,vi,google_map
Anh Tuấn Phạm,"Không gian đẹp, quán ngon, nhưng giá thức ăn và thức uống cao",POSITIVE,0.9998082518577576,4,2022-12-14 12:04,vi,google_map
Nomakhosi Dlomo,The vegetarian poke bowl was so good! Friendly staff members as well.,POSITIVE,0.999815046787262,5,2022-12-14 12:04,en,google_map
Ngô Gia Vũ,The foods was great with reasonable price. Highly recommend!,POSITIVE,0.999851942062378,5,2022-12-14 12:04,en,google_map
Oren Shapiro,"Such a delicious lunch, with fresh ingredients and nice/helpful staff",POSITIVE,0.999885082244873,5,2022-12-14 12:05,en,google_map
Omar Nacer (Teacher),"Amazing food, very healthy, delicious and great service",POSITIVE,0.999887228012085,5,2022-12-14 12:05,en,google_map
Minh Mai Nguyễn,"Ngon nha, cbi trước dưới 200k 1 phần :)))",POSITIVE,0.9988524913787842,4,2022-12-14 12:05,vi,google_map
Tuan Tu Nguyen,Nhân viên có thái độ lồi lõm không tốt đối với khách hàng,NEGATIVE,0.9995107650756836,1,2022-12-14 12:06,vi,google_map
Kim Anh Nguyen,"Đồ ăn tươi ngon, phong phú, đẹp mắt.",POSITIVE,0.9998890161514282,5,2022-12-14 12:06,vi,google_map
An Nguyễn,Có 1 cái góc có giếng trời nắng chiếu xinh lắm :3,POSITIVE,0.9998437166213988,5,2022-12-14 12:06,vi,google_map
craig barnshaw,"Bland food,  rude staff. A waste of a meal in a city of amazing food.",NEGATIVE,0.9998119473457336,1,2022-12-14 12:06,en,google_map
Bin Guide,"Amazing place. Good food, amazing staffs ",POSITIVE,0.9998865127563475,5,2022-12-14 12:06,en,google_map
Hanh Rioux,Delicious and fresh! Ambiance is also so nice,POSITIVE,0.9998903274536132,5,2022-12-14 12:06,en,google_map
Simbad,"Really fresh food, great ambiance and nice staff!",POSITIVE,0.9998873472213744,5,2022-12-14 12:06,en,google_map
Nhu Nguyen,Super fresh & delicious. Have been a fan for years,POSITIVE,0.9998809099197388,5,2022-12-14 12:07,en,google_map
Bạn Ơi! OK,Nhân viên nhiệt tình đồ ăn ngon,POSITIVE,0.9998818635940552,5,2022-12-14 12:07,vi,google_map
Thị Ngọc Huyền 34_Phạm,"Phục vụ chán, nhân viên thái độ",NEGATIVE,0.9997739195823668,1,2022-12-14 12:08,vi,google_map
Chinh Hoang Minh,"Quán ăn thiết kế đẹp, đồ ăn lạ",POSITIVE,0.9998045563697816,5,2022-12-14 12:08,vi,google_map
Isaac Kerson,"Fresh ingredients, healthy food, and friendly service.",POSITIVE,0.9998574256896972,5,2022-12-14 12:08,en,google_map
Yến Ngọc Quách,Fresh and delicious,POSITIVE,0.9998830556869508,5,2022-12-14 12:08,en,google_map
Nương Đỗ,"Món ăn rất healthy, ngon.",POSITIVE,0.9998810291290284,5,2022-12-14 12:09,vi,google_map
Hoang Hai Do,Love a good bowl of quinoa and whatever on offering here,POSITIVE,0.999621033668518,5,2022-12-14 12:09,en,google_map
Khánh Anh Nguyễn Ngọc,Mấy bạn nhân viên rất dễ thương nhe.,POSITIVE,0.9998633861541748,5,2022-12-14 12:10,vi,google_map
Ata,Perfect,POSITIVE,0.9998517036437988,5,2022-12-14 12:10,en,google_map
Hạ Nghi Lê Lương, …,,,5,2022-12-14 12:11,,google_map
Julian Chadwick,Unpretentious small restaurant that does good Poke but not much else.,NEGATIVE,0.9925342798233032,4,2022-12-14 12:12,en,google_map
Thu Ngân,Lâu. Đợi dài cả cổ. Kém!,NEGATIVE,0.9985315799713136,1,2022-12-14 12:13,vi,google_map
Anh Thư,Ăn ngon quá trời ngon,POSITIVE,0.9998844861984252,5,2022-12-14 12:13,vi,google_map
Trong Thang Le,Quá đông,NEGATIVE,0.998201847076416,4,2022-12-14 12:13,vi,google_map
Alba González,the best poke of my life :),POSITIVE,0.9998351335525512,5,2022-12-14 12:14,en,google_map
Hoàng Công Vân Hạ,Ngon ạ,POSITIVE,0.9998728036880492,5,2022-12-14 12:14,vi,google_map
BoiLam To,"Quán xinh, món ngonnn",POSITIVE,0.998310923576355,5,2022-12-14 12:14,vi,google_map
Phan Chung Thuy Khoa Ngan Hang__,perfect choice for lunch.,POSITIVE,0.999817669391632,5,2022-12-14 12:14,en,google_map
Phuoc Huy Tran,Làm quá lâu,NEGATIVE,0.9845911264419556,1,2022-12-14 12:15,vi,google_map
Vie Thảo,ngon lắm ,POSITIVE,0.999874234199524,5,2022-12-14 12:15,vi,google_map
thi thanh ngan pham,Ngon,POSITIVE,0.9998760223388672,5,2022-12-14 12:16,vi,google_map
Yến Nguyễn,Delicious <3,POSITIVE,0.9998711347579956,5,2022-12-14 12:16,en,google_map
Wayne McMahon,Best poke in Saigon!!,POSITIVE,0.9976786971092224,5,2022-12-14 12:16,nl,google_map
Trần Kim Lan Anh,Rất tuyệt vời !!!,POSITIVE,0.9998749494552612,5,2022-12-14 12:16,vi,google_map
Alessio Cesaretti,Very goooooood,NEGATIVE,0.9082691073417664,5,2022-12-14 12:17,af,google_map
Simon Jenkins,The absolute best!,POSITIVE,0.9998546838760376,5,2022-12-14 12:17,en,google_map
Hòa La Quốc,Nice,POSITIVE,0.9998552799224854,5,2022-12-14 12:17,ro,google_map
Khánh Hoàng Dương,Good service,POSITIVE,0.9998499155044556,5,2022-12-14 12:17,en,google_map
Евгения Филькина,"Stylish establishment, very friendly staff with good knowledge of English.; The products are fresh. Good size portion, I couldn't finish it, took half of it home. …",POSITIVE,0.9996780157089232,5,2022-12-14 12:19,en,google_map
L Vivi's,"A certain old building, walking up the dark stairs, only to see that there is a hole in the sky! Beautiful night with extremely healthy food, sitting in the simple and beautiful decoration, great enjoyment. For 180,000, you can choose two kinds of meat with a variety of ingredients, and the CP value is very high!",POSITIVE,0.9996950626373292,5,2022-12-14 12:19,en,google_map
Kai Truckenmüller,"Super delicious and healthy bowls, also to design yourself!; The prices are not cheap, but you get a decent portion and won't be disappointed :)",POSITIVE,0.9997381567955016,5,2022-12-14 12:20,en,google_map
